Rk,Player,Age,Team,G,PA,AB,R,H,2B,3B,HR,RBI,OBP,SLG,OPS,Player-additional
1,Francisco Lindor#,31,NYM,160,732,644,117,172,35,0,31,86,0.346,0.466,0.811,lindofr01
2,Rafael Devers*,28,2TM,163,729,607,99,153,33,0,35,109,0.372,0.479,0.851,deverra01
2,Rafael Devers*,28,BOS,73,334,272,47,74,18,0,15,58,0.401,0.504,0.905,deverra01
2,Rafael Devers*,28,SFG,90,395,335,52,79,15,0,20,51,0.347,0.46,0.807,deverra01
3,Shohei Ohtani*,30,LAD,158,727,611,146,172,25,9,55,102,0.392,0.622,1.014,ohtansh01
4,Matt Olson*,31,ATL,162,724,624,98,170,41,2,29,95,0.366,0.484,0.85,olsonma02
5,Kyle Schwarber*,32,PHI,162,724,604,111,145,23,2,56,132,0.365,0.563,0.928,schwaky01
6,Geraldo Perdomo#,25,ARI,161,720,597,98,173,33,5,20,100,0.389,0.462,0.851,perdoge01
7,Juan Soto*,26,NYM,160,715,577,120,152,20,1,43,105,0.396,0.525,0.921,sotoju01
8,Julio Rodríguez,24,SEA,160,710,652,106,174,31,4,32,95,0.324,0.474,0.798,rodriju01
9,Pete Alonso,30,NYM,162,709,624,87,170,41,1,38,126,0.347,0.524,0.871,alonspe01
10,Randy Arozarena,30,SEA,160,709,613,95,146,32,1,27,76,0.334,0.426,0.76,arozara01
11,Cal Raleigh#,28,SEA,159,705,596,110,147,24,0,60,125,0.359,0.589,0.948,raleica01
12,Elly De La Cruz#,23,CIN,162,699,629,102,166,31,7,22,86,0.336,0.44,0.777,delacel01
13,Brent Rooker,30,ATH,162,699,626,92,164,40,3,30,89,0.335,0.479,0.814,rookebr01
14,Jarren Duran*,28,BOS,157,696,620,86,159,41,13,16,84,0.332,0.442,0.774,duranja01
15,Heliot Ramos,25,SFG,157,695,620,85,159,24,1,21,69,0.328,0.4,0.728,ramoshe02
16,Steven Kwan*,27,CLE,156,693,625,81,170,29,1,11,56,0.33,0.374,0.705,kwanst01
17,Fernando Tatis Jr.,26,SDP,155,691,594,111,159,27,2,25,71,0.368,0.446,0.814,tatisfe02
18,James Wood*,22,WSN,157,689,598,87,153,38,0,31,94,0.35,0.475,0.825,woodja03
19,Bobby Witt Jr.,25,KCR,157,687,623,99,184,47,6,23,88,0.351,0.501,0.852,wittbo02
20,Willy Adames,29,SFG,160,686,591,94,133,22,2,30,87,0.318,0.421,0.74,adamewi01
21,TJ Friedl*,29,CIN,152,685,579,82,151,22,2,14,53,0.364,0.378,0.742,friedtj01
22,Vinnie Pasquantino*,27,KCR,160,682,621,72,164,33,1,32,113,0.323,0.475,0.798,pasquvi01
23,Vladimir Guerrero Jr.,26,TOR,156,680,589,96,172,34,0,23,84,0.381,0.467,0.848,guerrvl02
24,Aaron Judge,33,NYY,152,679,541,137,179,30,2,53,114,0.457,0.688,1.144,judgeaa01
25,Manny Machado,32,SDP,159,678,615,91,169,33,0,27,95,0.335,0.46,0.795,machama01
26,Luis Arráez*,28,SDP,154,675,620,66,181,30,4,8,61,0.327,0.392,0.719,arraelu01
27,José Ramírez#,32,CLE,158,673,593,103,168,34,3,30,85,0.36,0.503,0.863,ramirjo01
28,Ozzie Albies#,28,ATL,157,667,603,74,145,23,2,16,74,0.306,0.365,0.671,albieoz01
29,Maikel Garcia,25,KCR,160,666,595,81,170,39,5,16,74,0.351,0.449,0.8,garcima01
30,Mookie Betts,32,LAD,150,663,589,95,152,23,2,20,82,0.326,0.406,0.732,bettsmo01
31,Ian Happ#,30,CHC,150,663,569,87,138,32,0,23,79,0.342,0.42,0.762,happia01
32,Taylor Ward,31,LAA,157,663,579,86,132,31,2,36,103,0.317,0.475,0.792,wardta01
33,William Contreras,27,MIL,150,659,566,89,147,28,0,17,76,0.355,0.399,0.754,contrwi02
34,Brice Turang*,25,MIL,156,659,584,97,168,28,2,18,81,0.359,0.435,0.794,turanbr02
35,Eugenio Suárez,33,2TM,159,657,588,91,134,28,0,49,118,0.298,0.526,0.824,suareeu01
35,Eugenio Suárez,33,ARI,106,437,387,64,96,19,0,36,87,0.32,0.576,0.897,suareeu01
35,Eugenio Suárez,33,SEA,53,220,201,27,38,9,0,13,31,0.255,0.428,0.682,suareeu01
36,Cody Bellinger*,29,NYY,152,656,588,89,160,25,5,29,98,0.334,0.48,0.813,bellico01
37,Riley Greene*,24,DET,157,655,600,84,155,31,1,36,111,0.313,0.493,0.806,greenri03
38,Jose Altuve,35,HOU,155,654,588,80,156,24,1,26,77,0.329,0.442,0.771,altuvjo01
39,J.P. Crawford*,30,SEA,157,654,570,69,151,24,0,12,58,0.352,0.37,0.722,crawfjp01
40,Bryan Reynolds#,30,PIT,154,654,587,68,144,38,3,16,73,0.318,0.402,0.72,reynobr01
41,Trevor Story,32,BOS,157,654,612,91,161,29,0,25,96,0.308,0.433,0.741,storytr01
42,Junior Caminero,21,TBR,154,653,602,93,159,28,0,45,110,0.311,0.535,0.846,caminju01
43,Brandon Nimmo*,32,NYM,155,652,587,81,154,27,0,25,92,0.324,0.436,0.76,nimmobr01
44,Yandy Díaz,33,TBR,150,651,583,79,175,29,1,25,83,0.366,0.482,0.848,diazya01
45,Gunnar Henderson*,24,BAL,154,651,577,85,158,34,5,17,68,0.349,0.438,0.787,hendegu01
46,Seiya Suzuki,30,CHC,151,651,571,75,140,31,3,32,103,0.326,0.478,0.804,suzukse01
47,Nico Hoerner,28,CHC,156,649,599,89,178,29,4,7,61,0.345,0.394,0.739,hoernni01
48,Jackson Holliday*,21,BAL,149,649,586,70,142,21,3,17,55,0.314,0.375,0.69,hollija01
49,Spencer Torkelson,25,DET,155,649,563,82,135,27,1,31,78,0.333,0.456,0.789,torkesp01
50,Pete Crow-Armstrong*,23,CHC,157,647,591,91,146,37,4,31,95,0.287,0.481,0.768,crowape01
51,Dansby Swanson,31,CHC,159,645,590,84,144,24,3,24,77,0.3,0.417,0.717,swansda01
52,Christian Yelich*,33,MIL,150,644,573,88,151,21,0,29,103,0.343,0.452,0.795,yelicch01
53,Corbin Carroll*,24,ARI,143,642,564,107,146,32,17,31,84,0.343,0.541,0.883,carroco02
54,Michael Harris II*,24,ATL,160,641,611,55,152,26,6,20,86,0.268,0.409,0.678,harrimi04
55,Salvador Perez,35,KCR,155,641,597,54,141,35,0,30,100,0.284,0.446,0.729,perezsa02
56,Christian Walker,34,HOU,154,640,585,72,139,24,1,27,88,0.297,0.421,0.717,walkech02
57,Trea Turner,32,PHI,141,639,589,94,179,31,7,15,69,0.355,0.457,0.812,turnetr01
58,CJ Abrams*,24,WSN,144,635,580,92,149,35,5,19,60,0.315,0.433,0.748,abramcj01
59,Lawrence Butler*,24,ATH,152,630,569,83,133,30,2,21,63,0.306,0.404,0.71,butlela01
60,Bo Bichette,27,TOR,139,628,582,78,181,44,1,18,94,0.357,0.483,0.84,bichebo01
61,Gleyber Torres,28,DET,145,628,532,79,136,22,0,16,74,0.358,0.387,0.745,torregl01
62,Freddie Freeman*,35,LAD,147,627,556,81,164,39,2,24,90,0.367,0.502,0.869,freemfr01
63,Andy Pages,24,LAD,156,624,581,74,158,27,1,27,86,0.313,0.461,0.774,pagesan01
64,Tyler Soderstrom*,23,ATH,158,624,561,75,155,34,1,25,93,0.346,0.474,0.82,soderty01
65,Xavier Edwards#,25,MIA,139,619,561,75,159,20,5,3,43,0.343,0.353,0.695,edwarxa01
66,Jung Hoo Lee*,26,SFG,150,617,560,73,149,31,12,8,55,0.327,0.407,0.735,leeju01
67,Nathaniel Lowe*,29,2TM,153,609,540,64,123,23,3,18,84,0.307,0.381,0.689,lowena01
67,Nathaniel Lowe*,29,WSN,119,490,440,50,95,17,2,16,68,0.292,0.373,0.665,lowena01
67,Nathaniel Lowe*,29,BOS,34,119,100,14,28,6,1,2,16,0.37,0.42,0.79,lowena01
68,Josh Naylor*,28,2TM,147,604,543,81,160,29,1,20,92,0.353,0.462,0.816,naylojo01
68,Josh Naylor*,28,ARI,93,394,349,49,102,19,1,11,59,0.36,0.447,0.807,naylojo01
68,Josh Naylor*,28,SEA,54,210,194,32,58,10,0,9,33,0.341,0.49,0.831,naylojo01
69,Kyle Tucker*,28,CHC,136,597,500,91,133,25,4,22,73,0.377,0.464,0.841,tuckeky01
70,Anthony Volpe,24,NYY,153,596,539,65,114,32,4,19,72,0.272,0.391,0.663,volpean01
71,Sal Frelick*,25,MIL,142,594,528,76,152,20,3,12,63,0.351,0.405,0.756,frelisa01
72,Otto López,26,MIA,143,594,544,66,134,21,0,15,77,0.305,0.368,0.672,lopezot01
73,Michael Busch*,27,CHC,155,592,524,78,137,25,5,34,90,0.343,0.523,0.866,buschmi02
74,Marcell Ozuna,34,ATL,145,592,487,61,113,19,0,21,68,0.355,0.4,0.756,ozunama01
75,Nick Castellanos,33,PHI,147,589,547,72,137,27,2,17,72,0.294,0.4,0.694,casteni01
76,Jackson Chourio,21,MIL,131,589,549,88,148,35,4,21,78,0.308,0.463,0.77,chourja01
77,Jordan Beck,24,COL,148,588,539,62,139,27,5,16,53,0.317,0.416,0.732,beckjo01
78,Ernie Clement,29,TOR,157,588,545,83,151,35,2,9,50,0.313,0.398,0.711,clemeer01
79,Ceddanne Rafaela,24,BOS,156,587,546,84,136,34,4,16,63,0.295,0.414,0.708,rafaece01
80,George Springer,35,TOR,140,586,498,106,154,27,1,32,84,0.399,0.56,0.959,springe01
81,Ryan McMahon*,30,2TM,154,586,509,62,109,23,1,20,53,0.312,0.381,0.693,mcmahry01
81,Ryan McMahon*,30,COL,100,401,350,42,76,15,1,16,35,0.314,0.403,0.717,mcmahry01
81,Ryan McMahon*,30,NYY,54,185,159,20,33,8,0,4,18,0.308,0.333,0.641,mcmahry01
82,Agustín Ramírez,23,MIA,136,585,537,72,124,33,1,21,67,0.287,0.413,0.701,ramirag01
83,Carlos Correa,30,2TM,144,584,537,63,148,29,0,13,52,0.332,0.402,0.734,correca01
83,Carlos Correa,30,MIN,93,364,337,40,90,19,0,7,31,0.319,0.386,0.704,correca01
83,Carlos Correa,30,HOU,51,220,200,23,58,10,0,6,21,0.355,0.43,0.785,correca01
84,Lars Nootbaar*,27,STL,135,583,509,68,119,24,1,13,48,0.325,0.361,0.686,nootbla01
85,Trent Grisham*,28,NYY,143,581,494,87,116,9,1,34,74,0.348,0.464,0.811,grishtr01
86,Bryce Harper*,32,PHI,132,580,501,72,131,32,0,27,75,0.357,0.487,0.844,harpebr03
87,Hunter Goodman,25,COL,144,579,540,73,150,28,5,31,91,0.323,0.52,0.843,goodmhu01
88,Matt McLain,25,CIN,147,577,510,73,112,18,0,15,50,0.3,0.343,0.643,mclaima01
89,Jo Adell,26,LAA,152,573,526,63,124,18,1,37,98,0.293,0.485,0.778,adelljo01
90,Wyatt Langford,23,TEX,134,573,489,73,118,25,1,22,62,0.344,0.431,0.775,langfwy01
91,Ke'Bryan Hayes,28,2TM,152,570,527,50,124,16,3,5,49,0.29,0.306,0.595,hayeske01
91,Ke'Bryan Hayes,28,PIT,100,392,369,34,87,10,2,2,36,0.279,0.29,0.569,hayeske01
91,Ke'Bryan Hayes,28,CIN,52,178,158,16,37,6,1,3,13,0.315,0.342,0.656,hayeske01
92,Miguel Vargas,25,CHW,138,569,504,80,118,32,2,16,60,0.316,0.401,0.717,vargami01
93,Spencer Steer,27,CIN,146,568,509,66,121,21,2,21,75,0.312,0.411,0.723,steersp01
94,Yainer Diaz,26,HOU,143,567,542,56,139,25,1,20,70,0.284,0.417,0.701,diazya02
95,Jonathan India,28,KCR,136,567,497,63,116,29,0,9,45,0.323,0.346,0.669,indiajo01
96,Trevor Larnach*,28,MIN,142,567,503,62,126,24,1,17,60,0.323,0.404,0.727,larnatr01
97,Nolan Schanuel*,23,LAA,132,564,488,64,129,23,1,12,53,0.353,0.389,0.742,schanno01
98,Willson Contreras,33,STL,135,563,490,70,126,31,1,20,80,0.344,0.447,0.791,contrwi01
99,Josh Smith*,27,TEX,144,563,495,70,124,23,2,10,35,0.335,0.366,0.7,smithjo11
100,Bryson Stott*,27,PHI,147,560,499,66,128,22,3,13,66,0.328,0.391,0.719,stottbr01
101,Mike Yastrzemski*,34,2TM,146,558,477,68,111,28,1,17,46,0.333,0.403,0.735,yastrmi01
101,Mike Yastrzemski*,34,SFG,96,372,321,38,74,14,1,8,28,0.33,0.355,0.685,yastrmi01
101,Mike Yastrzemski*,34,KCR,50,186,156,30,37,14,0,9,18,0.339,0.5,0.839,yastrmi01
102,Ketel Marte#,31,ARI,126,556,480,87,136,28,0,28,72,0.376,0.517,0.893,marteke01
103,Mike Trout,33,LAA,130,556,456,73,106,14,1,26,64,0.359,0.439,0.797,troutmi01
104,Zach Neto,24,LAA,128,554,502,82,129,29,1,26,62,0.319,0.474,0.793,netoza01
105,Brandon Lowe*,30,TBR,134,553,507,79,130,19,0,31,83,0.307,0.477,0.785,lowebr01
106,Xander Bogaerts,32,SDP,136,552,491,63,129,30,0,11,53,0.328,0.391,0.72,bogaexa01
107,Andrew McCutchen,38,PIT,135,551,477,51,114,22,0,13,57,0.333,0.367,0.7,mccutan01
108,J.T. Realmuto,34,PHI,134,550,502,57,129,26,1,12,52,0.315,0.384,0.7,realmjt01
109,Adolis García,32,TEX,135,547,507,58,115,28,0,19,75,0.271,0.394,0.665,garciad02
110,Alec Burleson*,26,STL,139,546,497,54,144,26,2,18,69,0.343,0.459,0.801,burleal01
111,Lourdes Gurriel Jr.,31,ARI,129,546,500,52,124,24,2,19,80,0.295,0.418,0.713,gurrilo01
112,Teoscar Hernández,32,LAD,134,546,511,65,126,29,1,25,89,0.284,0.454,0.738,hernate01
113,Gavin Sheets*,29,SDP,145,545,492,57,124,28,1,19,71,0.317,0.429,0.746,sheetga01
114,Oneil Cruz*,26,PIT,135,544,471,62,94,18,3,20,61,0.298,0.378,0.676,cruzon01
115,Lenyn Sosa,25,CHW,140,544,518,57,137,20,1,22,75,0.293,0.434,0.727,sosale01
116,Ryan O'Hearn*,31,2TM,144,544,474,67,133,21,1,17,63,0.366,0.437,0.803,ohearry01
116,Ryan O'Hearn*,31,BAL,94,361,311,45,88,15,1,13,43,0.374,0.463,0.837,ohearry01
116,Ryan O'Hearn*,31,SDP,50,183,163,22,45,6,0,4,20,0.35,0.387,0.736,ohearry01
117,Jeremy Peña,27,HOU,125,543,493,68,150,30,2,17,62,0.363,0.477,0.84,penaje02
118,Byron Buxton,31,MIN,126,542,488,97,129,21,7,35,83,0.327,0.551,0.878,buxtoby01
119,Luis Rengifo#,28,LAA,147,541,501,55,119,16,3,9,43,0.287,0.335,0.622,rengilu01
120,Brenton Doyle,27,COL,138,538,502,57,117,23,2,15,57,0.274,0.376,0.651,doylebr02
121,Masyn Winn,23,STL,129,537,491,72,124,27,0,9,51,0.31,0.363,0.673,winnma01
122,Matt Chapman,32,SFG,128,535,454,76,105,23,2,21,61,0.34,0.43,0.77,chapmma01
123,Paul Goldschmidt,37,NYY,146,534,489,76,134,31,1,10,45,0.328,0.403,0.731,goldspa01
124,Marcus Semien,34,TEX,127,534,470,62,108,16,1,15,62,0.305,0.364,0.669,semiema01
125,Josh Bell#,32,WSN,140,533,468,54,111,16,1,22,63,0.325,0.417,0.741,belljo02
126,Jazz Chisholm Jr.*,27,NYY,130,531,462,75,112,15,1,31,80,0.332,0.481,0.813,chishja01
127,Kyle Manzardo*,24,CLE,142,531,470,47,110,19,2,27,70,0.313,0.455,0.768,manzaky01
128,Ben Rice*,26,NYY,138,530,467,74,119,28,4,26,65,0.337,0.499,0.836,ricebe01
129,Brooks Lee#,24,MIN,139,527,487,50,115,15,1,16,64,0.285,0.37,0.654,leebr02
130,Luis García Jr.*,25,WSN,139,526,488,67,123,28,1,16,66,0.289,0.412,0.701,garcilu04
131,Jorge Polanco#,31,SEA,138,524,471,64,125,30,0,26,78,0.326,0.495,0.821,polanjo01
132,Shea Langeliers,27,ATH,123,523,481,73,133,32,0,31,72,0.325,0.536,0.861,langesh01
133,Jacob Wilson,23,ATH,125,523,486,62,151,26,0,13,63,0.355,0.444,0.8,wilsoja05
134,Jake Cronenworth*,31,SDP,135,515,419,61,103,20,1,11,59,0.367,0.377,0.744,croneja01
135,Brendan Donovan*,28,STL,118,515,460,64,132,32,0,10,50,0.353,0.422,0.775,donovbr01
136,Eric Wagaman,27,MIA,140,514,476,56,119,28,3,9,53,0.296,0.378,0.674,wagamer01
137,Josh Jung,27,TEX,131,511,482,53,121,23,1,14,61,0.294,0.39,0.684,jungjo01
138,Zach McKinstry*,30,DET,144,511,452,68,117,23,11,12,49,0.333,0.438,0.771,mckinza01
139,Caleb Durbin,25,MIL,136,506,445,60,114,25,0,11,53,0.334,0.387,0.721,durbica01
140,Alejandro Kirk,26,TOR,130,506,451,45,127,18,0,15,76,0.348,0.421,0.769,kirkal01
141,Joey Ortiz,26,MIL,149,506,470,62,108,18,1,7,45,0.276,0.317,0.593,ortizjo06
142,Chase Meidroth,23,CHW,122,505,450,54,114,15,0,5,23,0.329,0.32,0.649,meidrch01
143,Alec Bohm,28,PHI,120,504,464,53,133,18,3,11,59,0.331,0.409,0.741,bohmal01
144,Gavin Lux*,27,CIN,140,503,446,49,120,28,2,5,53,0.35,0.374,0.724,luxga01
145,Addison Barger*,25,TOR,135,502,460,61,112,32,1,21,74,0.301,0.454,0.756,bargead01
146,Harrison Bader,31,2TM,146,501,448,61,124,24,1,17,54,0.347,0.449,0.796,baderha01
146,Harrison Bader,31,MIN,96,307,271,31,70,13,0,12,38,0.339,0.439,0.778,baderha01
146,Harrison Bader,31,PHI,50,194,177,30,54,11,1,5,16,0.361,0.463,0.824,baderha01
147,Cedric Mullins*,30,2TM,133,498,435,58,94,23,1,17,59,0.299,0.391,0.69,mullice01
147,Cedric Mullins*,30,BAL,91,355,314,42,72,19,0,15,49,0.305,0.433,0.738,mullice01
147,Cedric Mullins*,30,NYM,42,143,121,16,22,4,1,2,10,0.284,0.281,0.565,mullice01
148,Jesús Sánchez*,27,2TM,134,497,451,61,107,21,4,14,48,0.304,0.395,0.699,sanchje02
148,Jesús Sánchez*,27,MIA,86,337,305,40,78,12,4,10,36,0.32,0.42,0.74,sanchje02
148,Jesús Sánchez*,27,HOU,48,160,146,21,29,9,0,4,12,0.269,0.342,0.611,sanchje02
149,Alex Bregman,31,BOS,114,495,433,64,118,28,0,18,62,0.36,0.462,0.821,bregmal01
150,Cam Smith,22,HOU,134,493,441,55,104,21,3,9,51,0.312,0.358,0.671,smithca07
151,Ty France,30,2TM,138,490,444,50,114,25,0,7,52,0.32,0.36,0.681,francty01
151,Ty France,30,MIN,101,387,350,41,88,19,0,6,44,0.32,0.357,0.678,francty01
151,Ty France,30,TOR,37,103,94,9,26,6,0,1,8,0.32,0.372,0.693,francty01
152,Nick Kurtz*,22,ATH,117,489,420,90,122,26,2,36,86,0.383,0.619,1.002,kurtzni01
153,Ramón Laureano,30,2TM,132,488,441,72,124,26,2,24,76,0.342,0.512,0.855,laurera01
153,Ramón Laureano,30,BAL,82,290,259,45,75,17,0,15,46,0.355,0.529,0.884,laurera01
153,Ramón Laureano,30,SDP,50,198,182,27,49,9,2,9,30,0.323,0.489,0.812,laurera01
154,Michael Conforto*,32,LAD,138,486,418,54,83,20,0,12,36,0.305,0.333,0.637,confomi01
155,Ángel Martínez#,23,CLE,139,484,446,56,100,23,2,11,45,0.269,0.359,0.628,martian02
156,Jackson Merrill*,22,SDP,115,483,440,59,116,25,6,16,67,0.317,0.457,0.774,merrija01
157,Max Kepler*,32,PHI,127,474,417,58,90,19,0,18,52,0.3,0.391,0.691,keplema01
158,Carlos Santana#,39,2TM,124,474,415,49,91,11,0,11,54,0.308,0.325,0.633,santaca01
158,Carlos Santana#,39,CLE,116,455,396,49,89,10,0,11,52,0.316,0.333,0.65,santaca01
158,Carlos Santana#,39,CHC,8,19,19,0,2,1,0,0,2,0.105,0.158,0.263,santaca01
159,Gabriel Arias,25,CLE,129,471,432,44,95,25,2,11,54,0.274,0.363,0.638,ariasga01
160,Andrew Benintendi*,30,CHW,116,470,420,57,101,16,2,20,63,0.307,0.431,0.738,beninan01
161,Dillon Dingler,26,DET,126,469,435,54,121,21,2,13,57,0.327,0.425,0.752,dingldi01
162,Alek Thomas*,25,ARI,143,469,433,51,108,19,3,9,38,0.289,0.37,0.659,thomaal01
163,Colt Keith*,23,DET,137,468,414,65,106,22,2,13,45,0.333,0.413,0.746,keithco01
164,Kerry Carpenter*,27,DET,130,464,433,66,109,18,5,26,62,0.291,0.497,0.788,carpeke01
165,Ryan Jeffers,28,MIN,119,464,406,47,108,26,0,9,47,0.356,0.397,0.752,jeffery01
166,Wilmer Flores,33,SFG,125,463,419,44,101,10,0,16,71,0.307,0.379,0.686,florewi01
167,Victor Scott II*,24,STL,138,463,398,54,86,15,1,5,37,0.305,0.296,0.601,scottvi01
168,Mark Vientos,25,NYM,121,463,424,44,99,21,2,17,61,0.289,0.413,0.702,vientma01
169,Jeff McNeil*,33,NYM,122,462,399,42,97,21,5,12,54,0.335,0.411,0.746,mcneije01
170,Mickey Moniak*,27,COL,135,461,434,62,117,20,8,24,68,0.306,0.518,0.824,moniami01
171,Isiah Kiner-Falefa,30,2TM,138,459,431,45,113,21,2,2,40,0.297,0.334,0.631,kineris01
171,Isiah Kiner-Falefa,30,PIT,119,428,401,40,106,20,2,1,35,0.3,0.332,0.632,kineris01
171,Isiah Kiner-Falefa,30,TOR,19,31,30,5,7,1,0,1,5,0.258,0.367,0.625,kineris01
172,Adam Frazier*,33,2TM,134,459,419,43,112,20,0,7,44,0.319,0.365,0.684,fraziad01
172,Adam Frazier*,33,PIT,78,262,235,22,60,10,0,3,21,0.318,0.336,0.654,fraziad01
172,Adam Frazier*,33,KCR,56,197,184,21,52,10,0,4,23,0.32,0.402,0.722,fraziad01
173,Kyle Stowers*,27,MIA,117,457,399,61,115,21,3,25,73,0.368,0.544,0.912,stoweky01
174,Willi Castro#,28,2TM,120,454,402,58,91,17,3,11,33,0.313,0.366,0.679,castrwi01
174,Willi Castro#,28,MIN,86,344,302,48,74,15,2,10,27,0.335,0.407,0.743,castrwi01
174,Willi Castro#,28,CHC,34,110,100,10,17,2,1,1,6,0.245,0.24,0.485,castrwi01
175,Patrick Bailey#,26,SFG,135,452,409,47,91,18,3,6,55,0.277,0.325,0.602,bailepa01
176,Iván Herrera,25,STL,107,452,388,54,110,13,0,19,66,0.373,0.464,0.837,herreiv01
177,Logan O'Hoppe,25,LAA,119,451,423,35,90,8,1,19,43,0.258,0.371,0.629,ohopplo01
178,Tommy Pham,37,PIT,120,449,392,44,96,17,1,10,52,0.33,0.37,0.7,phamth01
179,Austin Wells*,25,NYY,126,448,401,51,88,22,1,21,71,0.275,0.436,0.712,wellsau01
180,Austin Riley,28,ATL,102,447,416,54,108,20,1,16,54,0.309,0.428,0.737,rileyau01
181,Andrew Vaughn,27,2TM,112,447,406,35,103,22,0,14,65,0.307,0.411,0.719,vaughan01
181,Andrew Vaughn,27,CHW,48,193,185,9,35,8,0,5,19,0.218,0.314,0.531,vaughan01
181,Andrew Vaughn,27,MIL,64,254,221,26,68,14,0,9,46,0.375,0.493,0.869,vaughan01
182,Drake Baldwin*,24,ATL,124,446,405,56,111,18,2,19,80,0.341,0.469,0.81,baldwdr01
183,Carlos Narváez,26,BOS,118,446,403,51,97,27,0,15,50,0.306,0.419,0.726,narvaca01
184,Corey Seager*,31,TEX,102,445,380,61,103,19,0,21,50,0.373,0.487,0.86,seageco01
185,Isaac Collins#,27,MIL,130,441,372,56,98,22,3,9,54,0.368,0.411,0.779,colliis01
186,Chandler Simpson*,24,TBR,109,441,414,53,122,15,3,0,26,0.326,0.345,0.671,simpsch01
187,Nathan Lukes*,30,TOR,135,438,388,55,99,19,2,12,65,0.323,0.407,0.73,lukesna01
188,Isaac Paredes,26,HOU,102,438,378,53,96,15,1,20,53,0.352,0.458,0.809,paredis01
189,Javier Báez,32,DET,126,437,417,55,107,17,3,12,57,0.282,0.398,0.68,baezja01
190,Matt Shaw,23,CHC,126,437,393,57,89,21,3,13,44,0.295,0.394,0.69,shawma01
191,Nolan Arenado,34,STL,107,436,401,48,95,18,1,12,52,0.289,0.377,0.666,arenano01
192,Will Smith,30,LAD,110,436,362,64,107,20,1,17,61,0.404,0.497,0.901,smithwi05
193,Josh Lowe*,27,TBR,108,435,396,56,87,21,2,11,40,0.283,0.366,0.65,lowejo01
194,Jonah Heim#,30,TEX,124,433,395,38,84,14,0,11,43,0.271,0.332,0.602,heimjo01
195,Brett Baty*,25,NYM,130,432,393,53,100,13,2,18,50,0.313,0.435,0.748,batybr01
196,Luis Robert Jr.,27,CHW,110,431,382,52,85,12,0,14,53,0.297,0.364,0.661,roberlu01
197,Jasson Domínguez#,22,NYY,123,429,381,58,98,18,1,10,47,0.331,0.388,0.719,dominja01
198,Tyler Freeman,26,COL,110,428,377,50,106,20,2,2,31,0.354,0.361,0.715,freemty01
199,Jake Mangum#,29,TBR,118,428,405,37,120,18,1,3,40,0.33,0.368,0.698,manguja01
200,Brandon Marsh*,27,PHI,133,425,379,59,106,25,2,11,43,0.342,0.443,0.785,marshbr02
201,Jonathan Aranda*,27,TBR,106,422,370,56,117,22,0,14,59,0.393,0.489,0.883,arandjo01
202,Daniel Schneemann*,28,CLE,131,422,379,48,78,18,1,12,41,0.283,0.354,0.636,schneda04
203,Carson Kelly,30,CHC,111,421,369,48,92,13,1,17,50,0.333,0.428,0.761,kellyca02
204,Wilyer Abreu*,26,BOS,115,417,373,53,92,17,0,22,69,0.317,0.469,0.786,abreuwi02
205,Nick Allen,26,ATL,135,416,371,32,82,11,0,0,22,0.284,0.251,0.535,allenni02
206,Austin Hays,29,CIN,103,416,380,60,101,16,5,15,64,0.315,0.453,0.768,haysau01
207,Bo Naylor*,25,CLE,123,414,359,46,70,22,1,14,47,0.282,0.379,0.661,naylobo01
208,Ronald Acuña Jr.,27,ATL,95,412,338,74,98,12,1,21,42,0.417,0.518,0.935,acunaro01
209,Spencer Horwitz*,27,PIT,108,411,364,55,99,26,0,11,51,0.353,0.434,0.787,horwisp01
210,Kyle Isbel*,28,KCR,135,409,368,42,94,16,4,4,33,0.301,0.353,0.654,isbelky01
211,Nick Gonzales,26,PIT,96,408,381,39,99,18,3,5,30,0.299,0.362,0.661,gonzani01
212,Nolan Jones*,27,CLE,136,403,355,34,75,14,2,5,34,0.296,0.304,0.6,jonesno01
213,Royce Lewis,26,MIN,106,403,376,36,89,18,0,13,52,0.283,0.388,0.671,lewisro02
214,Edgar Quero#,22,CHW,111,403,365,31,98,17,0,5,36,0.333,0.356,0.689,queroed01
215,Nolan Gorman*,25,STL,111,402,351,48,72,14,1,14,46,0.296,0.37,0.666,gormano01
216,Mauricio Dubón,30,HOU,133,398,369,43,89,21,0,7,33,0.289,0.355,0.644,dubonma01
217,Jordan Walker,23,STL,111,396,363,40,78,13,1,6,41,0.278,0.306,0.584,walkejo02
218,Matt Wallner*,27,MIN,104,392,336,47,68,16,3,22,40,0.311,0.464,0.776,wallnma01
219,Ramón Urías,31,2TM,112,391,352,33,85,17,0,11,44,0.292,0.384,0.675,uriasra01
219,Ramón Urías,31,BAL,77,290,258,27,64,12,0,8,34,0.3,0.388,0.688,uriasra01
219,Ramón Urías,31,HOU,35,101,94,6,21,5,0,3,10,0.267,0.372,0.64,uriasra01
220,Liam Hicks*,26,MIA,119,390,332,37,82,13,1,6,45,0.346,0.346,0.693,hicksli01
221,Ezequiel Tovar,23,COL,95,390,360,44,91,18,4,9,33,0.294,0.4,0.694,tovarez01
222,Pedro Pagés,26,STL,112,389,361,38,83,15,0,11,45,0.272,0.363,0.635,pagespe02
223,Max Muncy*,34,LAD,100,388,313,48,76,10,2,19,67,0.376,0.47,0.846,muncyma01
224,Victor Caratini#,31,HOU,114,386,344,35,89,14,0,12,46,0.324,0.404,0.728,caratvi01
225,Kody Clemens*,29,2TM,119,386,348,46,74,12,4,19,52,0.281,0.434,0.715,clemeko01
225,Kody Clemens*,29,PHI,7,7,6,0,0,0,0,0,0,0.143,0,0.143,clemeko01
225,Kody Clemens*,29,MIN,112,379,342,46,74,12,4,19,52,0.284,0.442,0.725,clemeko01
226,Mike Tauchman*,34,CHW,93,385,335,44,88,17,1,9,40,0.356,0.4,0.756,tauchmi01
227,Wenceel Pérez#,25,DET,100,383,344,47,84,17,4,13,43,0.308,0.43,0.738,perezwe01
228,Brayan Rocchio#,24,CLE,115,383,344,34,80,18,2,5,44,0.29,0.34,0.63,rocchbr01
229,Jake Meyers,29,HOU,104,381,343,53,100,15,2,3,24,0.354,0.373,0.727,meyerja02
230,Tommy Edman#,30,LAD,97,377,346,49,78,13,1,13,49,0.274,0.382,0.655,edmanto01
231,Jake Burger,29,TEX,103,376,356,43,84,15,1,16,53,0.269,0.419,0.687,burgeja01
232,Jared Triolo,27,PIT,107,376,331,41,75,18,2,7,24,0.311,0.356,0.667,triolja01
233,Jurickson Profar#,32,ATL,80,371,318,56,78,16,1,14,43,0.353,0.434,0.787,profaju01
234,José Caballero,28,2TM,126,370,314,52,74,18,1,5,36,0.339,0.347,0.686,cabaljo01
234,José Caballero,28,TBR,86,275,235,37,53,12,1,2,27,0.327,0.311,0.638,cabaljo01
234,José Caballero,28,NYY,40,95,79,15,21,6,0,3,9,0.372,0.456,0.828,cabaljo01
235,Andrés Giménez*,26,TOR,101,369,329,39,69,11,1,7,35,0.285,0.313,0.598,gimenan01
236,Adley Rutschman#,27,BAL,90,365,322,37,71,16,2,9,29,0.307,0.366,0.673,rutscad01
237,Jacob Young,25,WSN,120,364,324,34,75,10,1,2,31,0.296,0.287,0.583,youngja03
238,Colton Cowser*,25,BAL,92,360,327,36,64,14,0,16,40,0.269,0.385,0.655,cowseco01
239,Noelvi Marté,23,CIN,90,360,339,45,89,17,2,14,51,0.3,0.448,0.748,marteno01
240,Ryan Mountcastle,28,BAL,89,357,332,34,83,18,0,7,35,0.286,0.367,0.653,mountry01
241,Jordan Westburg,26,BAL,85,352,328,59,87,10,1,17,41,0.313,0.457,0.77,westbjo01
242,Daylen Lile*,22,WSN,91,351,321,51,96,15,11,9,41,0.347,0.498,0.845,lileda01
243,Casey Schmitt,26,SFG,95,348,312,34,74,15,0,12,40,0.305,0.401,0.706,schmica01
244,Freddy Fermin,30,2TM,109,347,319,32,80,13,0,5,26,0.297,0.339,0.636,fermifr01
244,Freddy Fermin,30,KCR,67,208,192,17,49,7,0,3,12,0.309,0.339,0.648,fermifr01
244,Freddy Fermin,30,SDP,42,139,127,15,31,6,0,2,14,0.278,0.339,0.617,fermifr01
245,JJ Bleday*,27,ATH,98,344,307,48,65,17,0,14,39,0.294,0.404,0.698,bledajj01
246,Jose Iglesias,35,SDP,112,343,306,29,70,11,0,3,36,0.298,0.294,0.592,iglesjo01
247,Javier Sanoja,22,MIA,118,342,313,40,76,22,4,6,38,0.287,0.396,0.683,sanojja01
248,Tyler Stephenson,28,CIN,88,342,299,40,69,18,0,13,50,0.316,0.421,0.737,stephty01
249,Romy González,28,BOS,96,341,315,47,96,23,3,9,53,0.343,0.483,0.826,gonzaro01
250,Tyrone Taylor,31,NYM,113,341,310,34,69,18,3,2,27,0.279,0.319,0.598,tayloty01
251,Miguel Andujar,30,2TM,94,341,321,36,102,17,1,10,44,0.352,0.47,0.822,andujmi01
251,Miguel Andujar,30,ATH,60,231,218,22,65,10,1,6,27,0.329,0.436,0.765,andujmi01
251,Miguel Andujar,30,CIN,34,110,103,14,37,7,0,4,17,0.4,0.544,0.944,andujmi01
252,Sean Murphy,30,ATL,94,337,291,34,58,13,0,16,45,0.3,0.409,0.709,murphse01
253,Connor Norby,25,MIA,88,337,311,42,78,17,1,8,34,0.3,0.389,0.689,norbyco01
254,Michael Toglia#,26,COL,88,337,306,22,58,15,1,11,32,0.258,0.353,0.611,toglimi01
255,Danny Jansen,30,2TM,98,337,288,38,62,11,0,14,36,0.321,0.399,0.721,janseda01
255,Danny Jansen,30,TBR,73,259,221,28,45,8,0,11,29,0.314,0.389,0.703,janseda01
255,Danny Jansen,30,MIL,25,78,67,10,17,3,0,3,7,0.346,0.433,0.779,janseda01
256,Dane Myers,29,MIA,106,333,307,29,72,10,0,6,31,0.291,0.326,0.617,myersda01
257,Joey Bart,28,PIT,93,332,285,21,71,12,1,4,30,0.355,0.34,0.696,bartjo01
258,Luis Urías,28,ATH,96,330,287,27,66,7,0,8,25,0.315,0.338,0.653,uriaslu01
259,Starling Marte,36,NYM,98,329,293,37,79,14,0,9,34,0.335,0.41,0.745,martest01
260,Brooks Baldwin#,24,CHW,103,328,300,32,72,15,1,11,38,0.29,0.407,0.697,baldwbr01
261,Santiago Espinal,30,CIN,114,328,301,25,73,12,0,0,16,0.292,0.282,0.575,espinsa01
262,Rhys Hoskins,32,MIL,90,328,279,30,66,12,1,12,43,0.332,0.416,0.748,hoskirh01
263,Kyle Higashioka,35,TEX,94,327,303,33,73,14,1,11,47,0.291,0.403,0.693,higasky01
264,Trey Sweeney*,25,DET,118,326,296,36,58,6,2,6,32,0.258,0.291,0.548,sweentr01
265,Michael A. Taylor,34,CHW,134,325,295,33,59,20,1,9,35,0.259,0.366,0.625,taylomi02
266,Dylan Crews,23,WSN,85,322,293,43,61,8,2,10,27,0.28,0.352,0.631,crewsdy01
267,Alex Call,30,2TM,110,322,270,43,72,13,2,5,31,0.361,0.385,0.746,callal02
267,Alex Call,30,WSN,72,237,197,30,54,9,2,3,26,0.371,0.386,0.756,callal02
267,Alex Call,30,LAD,38,85,73,13,18,4,0,2,5,0.333,0.384,0.717,callal02
268,Miguel Rojas,36,LAD,114,317,290,35,76,18,0,7,27,0.318,0.397,0.715,rojasmi02
269,Taylor Walls#,28,TBR,101,317,282,36,62,14,1,4,38,0.28,0.319,0.599,wallsta01
270,Jorge Soler,33,LAA,82,315,279,31,60,12,0,12,34,0.293,0.387,0.68,solerjo01
271,Rowdy Tellez*,30,2TM,112,312,289,34,66,11,0,17,49,0.276,0.443,0.719,tellero01
271,Rowdy Tellez*,30,SEA,62,185,173,20,36,6,0,11,27,0.249,0.434,0.682,tellero01
271,Rowdy Tellez*,30,TEX,50,127,116,14,30,5,0,6,22,0.315,0.457,0.772,tellero01
272,Gabriel Moreno,25,ARI,83,309,277,44,79,12,1,9,40,0.353,0.433,0.786,morenga01
273,Joc Pederson*,33,TEX,96,306,265,28,48,10,1,9,26,0.285,0.328,0.614,pederjo01
274,Christopher Morel,26,TBR,105,305,278,37,61,16,0,11,33,0.289,0.396,0.684,morelch01
275,Roman Anthony*,21,BOS,71,303,257,48,75,18,1,8,32,0.396,0.463,0.859,anthoro01
276,Jose Trevino,32,CIN,93,302,282,30,67,20,0,4,22,0.272,0.351,0.623,trevijo01
277,Kyle Farmer,34,COL,97,300,277,24,63,14,0,8,31,0.28,0.365,0.645,farmeky01
278,Myles Straw,30,TOR,137,299,267,51,70,14,1,4,32,0.313,0.367,0.68,strawmy01
279,Kyle Teel*,23,CHW,78,297,253,38,69,11,0,8,35,0.375,0.411,0.786,teelky01
280,Thomas Saggese,23,STL,82,295,275,25,71,17,0,2,25,0.299,0.342,0.641,saggeth01
281,Ben Williamson,24,SEA,85,295,277,36,70,13,0,1,21,0.294,0.31,0.604,willibe03
282,Heriberto Hernández,25,MIA,87,294,256,40,68,12,1,10,45,0.347,0.438,0.784,hernahe01
283,Coby Mayo,23,BAL,85,294,263,30,57,12,0,11,28,0.299,0.388,0.687,mayoco01
284,Randal Grichuk,33,2TM,113,293,272,35,62,18,1,9,27,0.273,0.401,0.674,grichra01
284,Randal Grichuk,33,ARI,70,188,175,25,42,15,1,7,22,0.277,0.457,0.734,grichra01
284,Randal Grichuk,33,KCR,43,105,97,10,20,3,0,2,5,0.267,0.299,0.566,grichra01
285,Mitch Garver,34,SEA,87,290,254,29,53,5,1,9,30,0.297,0.343,0.639,garvemi01
286,Yoán Moncada#,30,LAA,84,289,248,39,58,13,2,12,35,0.336,0.448,0.783,moncayo01
287,Pavin Smith*,29,ARI,87,288,244,36,63,17,1,8,28,0.362,0.434,0.797,smithpa04
288,Riley Adams,29,WSN,83,286,263,29,49,8,0,8,24,0.252,0.308,0.56,adamsri03
289,Colson Montgomery*,23,CHW,71,284,255,43,61,9,1,21,55,0.311,0.529,0.84,montgco01
290,Abraham Toro#,28,BOS,77,284,259,33,62,13,0,7,27,0.289,0.371,0.659,toroab01
291,Henry Davis,25,PIT,87,283,252,25,42,7,0,7,22,0.234,0.278,0.512,davishe01
292,Elias Díaz,34,SDP,106,283,255,34,52,7,0,9,29,0.27,0.337,0.607,diazel01
293,Luis Torrens,29,NYM,92,283,261,20,59,14,1,5,29,0.284,0.345,0.629,torrelu01
294,Giancarlo Stanton,35,NYY,77,281,249,36,68,8,0,24,66,0.35,0.594,0.944,stantmi03
295,Francisco Alvarez,23,NYM,76,277,246,32,63,12,1,11,32,0.339,0.447,0.787,alvarfr01
296,Michael Massey*,27,KCR,77,277,262,20,64,9,0,3,20,0.268,0.313,0.581,massemi02
297,Brady House,22,WSN,73,274,261,26,61,11,0,4,29,0.252,0.322,0.574,housebr01
298,Daulton Varsho*,28,TOR,71,271,248,43,59,13,2,20,55,0.284,0.548,0.833,varshda01
299,Eli White,31,ATL,105,271,256,43,60,8,3,10,35,0.27,0.406,0.677,whiteel04
300,Dominic Canzone*,27,SEA,82,269,243,30,73,11,0,11,32,0.358,0.481,0.84,canzodo01
301,Keibert Ruiz#,26,WSN,68,267,255,19,63,12,0,2,25,0.277,0.318,0.595,ruizke01
302,Blaze Alexander,26,ARI,74,266,230,31,53,12,1,7,28,0.323,0.383,0.706,alexabl01
303,Oswald Peraza,25,2TM,106,265,244,24,40,6,0,5,20,0.223,0.25,0.473,perazos02
303,Oswald Peraza,25,NYY,71,170,158,18,24,5,0,3,13,0.212,0.241,0.452,perazos02
303,Oswald Peraza,25,LAA,35,95,86,6,16,1,0,2,7,0.245,0.267,0.512,perazos02
304,Curtis Mead,24,2TM,90,264,240,26,56,10,1,3,19,0.299,0.321,0.62,meadcu01
304,Curtis Mead,24,TBR,49,132,115,14,26,2,1,3,8,0.318,0.339,0.657,meadcu01
304,Curtis Mead,24,CHW,41,132,125,12,30,8,0,0,11,0.28,0.304,0.584,meadcu01
305,Kristian Campbell,23,BOS,67,263,229,24,51,10,0,6,21,0.319,0.345,0.664,campbkr01
306,Edmundo Sosa,29,PHI,89,261,243,30,67,12,1,11,39,0.307,0.469,0.777,sosaed01
307,Cole Young*,21,SEA,77,257,223,24,47,7,1,4,24,0.302,0.305,0.607,youngco01
308,Kiké Hernández,33,LAD,92,256,232,30,47,8,0,10,35,0.255,0.366,0.621,hernaen02
309,Will Benson*,27,CIN,90,253,230,31,52,8,2,12,41,0.273,0.435,0.708,bensowi01
310,Tyler Fitzgerald,27,SFG,72,243,217,19,47,10,1,4,14,0.278,0.327,0.606,fitzgty01
311,Dylan Moore,32,2TM,106,243,219,35,44,5,0,11,25,0.267,0.374,0.642,mooredy01
311,Dylan Moore,32,SEA,88,213,192,29,37,5,0,9,19,0.263,0.359,0.622,mooredy01
311,Dylan Moore,32,TEX,18,30,27,6,7,0,0,2,6,0.3,0.481,0.781,mooredy01
312,LaMonte Wade Jr.*,31,2TM,80,242,209,19,35,8,2,2,18,0.271,0.254,0.524,wadela01
312,LaMonte Wade Jr.*,31,SFG,50,169,144,12,24,8,2,1,15,0.275,0.271,0.546,wadela01
312,LaMonte Wade Jr.*,31,LAA,30,73,65,7,11,0,0,1,3,0.26,0.215,0.476,wadela01
313,Nick Fortes,28,2TM,97,242,218,19,50,9,1,5,21,0.296,0.349,0.644,forteni01
313,Nick Fortes,28,MIA,59,141,129,11,31,6,1,2,10,0.288,0.349,0.637,forteni01
313,Nick Fortes,28,TBR,38,101,89,8,19,3,0,3,11,0.307,0.348,0.655,forteni01
314,Dylan Carlson#,26,BAL,83,241,217,17,44,9,1,6,20,0.278,0.336,0.614,carlsdy01
315,Alexander Canario,25,PIT,87,234,216,25,47,6,1,6,20,0.274,0.338,0.611,canaral01
316,Jakob Marsee*,24,MIA,55,234,209,28,61,18,3,5,33,0.363,0.478,0.842,marseja01
317,Jac Caglianone*,22,KCR,62,232,210,19,33,6,1,7,18,0.237,0.295,0.532,caglija01
318,Travis d'Arnaud,36,LAA,69,231,213,16,42,13,0,6,21,0.255,0.343,0.598,darnatr01
319,Davis Schneider,26,TOR,82,227,188,33,44,5,0,11,31,0.361,0.436,0.797,schneda03
320,Dominic Smith*,30,SFG,63,225,204,26,58,12,0,5,33,0.333,0.417,0.75,smithdo02
321,Tim Tawa,26,ARI,74,225,199,29,40,8,0,7,18,0.274,0.347,0.62,tawati01
322,Jake McCarthy*,27,ARI,67,222,206,18,42,7,5,4,20,0.247,0.345,0.591,mccarja02
323,Anthony Santander#,30,TOR,54,221,194,16,34,5,0,6,18,0.271,0.294,0.565,santaan02
324,Evan Carter*,22,TEX,63,220,194,31,48,9,2,5,25,0.336,0.392,0.728,carteev01
325,Max Muncy,22,ATH,63,220,206,17,44,7,0,9,23,0.259,0.379,0.638,muncyma02
326,Ezequiel Durán,26,TEX,90,219,205,16,46,14,0,0,14,0.266,0.293,0.559,duranez01
327,Luke Raley*,30,SEA,73,219,183,23,37,8,0,4,19,0.319,0.311,0.631,raleylu01
328,Drew Waters#,26,KCR,71,219,206,21,50,6,3,1,14,0.288,0.316,0.603,waterdr01
329,Jake Bauers*,29,MIL,85,218,183,28,43,9,0,7,28,0.353,0.399,0.752,bauerja01
330,Otto Kemp,25,PHI,62,218,197,26,46,11,0,8,28,0.298,0.411,0.709,kempot01
331,Kameron Misner*,27,TBR,71,217,197,27,42,9,1,5,22,0.273,0.345,0.618,misneka01
332,Jake Fraley*,30,2TM,76,217,191,31,46,9,0,6,23,0.332,0.382,0.714,fraleja01
332,Jake Fraley*,30,CIN,67,193,168,29,39,8,0,6,23,0.332,0.387,0.719,fraleja01
332,Jake Fraley*,30,ATL,9,24,23,2,7,1,0,0,0,0.333,0.348,0.681,fraleja01
333,Christian Vázquez,34,MIN,65,214,190,14,36,7,0,3,14,0.271,0.274,0.545,vazquch01
334,Orlando Arcia,30,2TM,76,214,203,13,41,7,1,3,13,0.238,0.291,0.529,arciaor01
334,Orlando Arcia,30,ATL,14,32,31,1,6,1,0,0,1,0.219,0.226,0.445,arciaor01
334,Orlando Arcia,30,COL,62,182,172,12,35,6,1,3,12,0.242,0.302,0.544,arciaor01
335,Parker Meadows*,25,DET,58,213,191,22,41,6,2,4,16,0.291,0.33,0.621,meadopa01
336,Max Schuemann,28,ATH,101,213,183,20,36,4,2,2,13,0.295,0.273,0.568,schuema01
337,Alex Verdugo*,29,ATL,56,213,197,21,47,10,0,0,12,0.296,0.289,0.585,verdual01
338,Josh Rojas*,31,CHW,69,211,189,14,34,9,0,2,11,0.252,0.259,0.512,rojasjo01
339,Tyler O'Neill,30,BAL,54,209,181,22,36,6,1,9,26,0.292,0.392,0.684,oneilty01
340,Rob Refsnyder,34,BOS,70,209,182,29,49,12,0,9,30,0.354,0.484,0.838,refsnro01
341,Nacho Alvarez Jr.,22,ATL,58,208,188,18,44,12,0,2,15,0.296,0.33,0.626,alvarna01
342,Paul DeJong,31,WSN,57,208,193,18,44,10,0,6,23,0.269,0.373,0.642,dejonpa01
343,Edouard Julien*,26,MIN,64,208,182,13,40,10,0,3,12,0.309,0.324,0.633,julieed01
344,Luke Keaschall,22,MIN,49,207,182,25,55,14,0,4,28,0.382,0.445,0.827,keasclu01
345,Ryan Ritter,24,COL,60,207,187,22,45,9,3,1,18,0.296,0.337,0.632,rittery01
346,Robert Hassell III*,23,WSN,70,206,197,22,44,9,0,3,18,0.257,0.315,0.572,hassero02
347,Masataka Yoshida*,31,BOS,55,205,188,16,50,11,0,4,26,0.307,0.388,0.696,yoshima02
348,José Herrera#,28,ARI,57,204,166,21,31,6,0,2,17,0.285,0.259,0.544,herrejo04
349,Yordan Alvarez*,28,HOU,48,199,165,17,45,8,0,6,27,0.367,0.43,0.797,alvaryo01
350,Darell Hernaiz,23,ATH,51,197,173,17,40,5,1,2,16,0.292,0.306,0.599,hernada04
351,Gio Urshela,33,ATH,59,197,181,10,43,14,1,0,20,0.287,0.326,0.613,urshegi01
352,David Hamilton*,27,BOS,91,194,177,27,35,4,1,6,19,0.257,0.333,0.59,hamilda03
353,Luisangel Acuña,23,NYM,95,193,175,30,41,7,0,0,8,0.293,0.274,0.567,acunajo01
354,Andy Ibáñez,32,DET,91,193,176,24,42,8,0,4,21,0.301,0.352,0.653,ibanean01
355,Christian Koss,27,SFG,74,191,174,25,46,9,0,3,23,0.309,0.368,0.676,kossch01
356,Justin Turner,40,CHC,80,191,169,14,37,7,0,3,18,0.288,0.314,0.602,turneju01
357,Amed Rosario,29,2TM,62,191,181,20,50,11,0,6,23,0.309,0.436,0.745,rosaram01
357,Amed Rosario,29,WSN,46,158,148,19,40,8,0,5,18,0.31,0.426,0.736,rosaram01
357,Amed Rosario,29,NYY,16,33,33,1,10,3,0,1,5,0.303,0.485,0.788,rosaram01
358,Ha-Seong Kim,29,2TM,48,191,171,19,40,4,0,5,17,0.304,0.345,0.649,kimha01
358,Ha-Seong Kim,29,TBR,24,93,84,5,18,3,0,2,5,0.29,0.321,0.612,kimha01
358,Ha-Seong Kim,29,ATL,24,98,87,14,22,1,0,3,12,0.316,0.368,0.684,kimha01
359,Matt Thaiss*,30,2TM,60,190,156,16,34,6,1,1,16,0.349,0.288,0.638,thaisma01
359,Matt Thaiss*,30,CHW,35,110,85,11,18,4,0,1,8,0.382,0.294,0.676,thaisma01
359,Matt Thaiss*,30,TBR,25,80,71,5,16,2,1,0,8,0.304,0.282,0.585,thaisma01
360,Nick Loftin,26,KCR,67,188,168,17,35,9,2,4,20,0.278,0.357,0.635,loftini01
361,Connor Wong,29,BOS,63,188,168,16,32,8,0,0,7,0.262,0.238,0.5,wongco01
362,Luis Matos,23,SFG,57,184,172,26,38,9,1,8,22,0.266,0.424,0.691,matoslu02
363,Ronny Mauricio#,24,NYM,61,184,168,19,38,6,0,6,10,0.293,0.369,0.663,mauriro01
364,Christian Moore,22,LAA,53,184,162,20,32,5,1,7,16,0.284,0.37,0.655,moorech03
365,Graham Pauley*,24,MIA,62,184,161,18,36,9,1,4,11,0.311,0.366,0.678,paulegr01
366,Jeremiah Jackson,25,BAL,48,183,170,20,47,10,2,5,21,0.328,0.447,0.775,jacksje02
367,Sam Haggerty#,31,TEX,64,182,162,31,41,7,3,2,13,0.328,0.37,0.698,haggesa01
368,Austin Martin,26,MIN,50,181,156,22,44,8,1,1,7,0.374,0.365,0.74,martiau01
369,Austin Hedges,32,CLE,68,180,155,13,25,3,0,5,10,0.25,0.277,0.527,hedgeau01
370,Leody Taveras#,26,2TM,58,180,171,13,35,6,1,3,17,0.226,0.304,0.53,taverle01
370,Leody Taveras#,26,TEX,30,82,79,7,19,3,1,1,8,0.259,0.342,0.601,taverle01
370,Leody Taveras#,26,SEA,28,98,92,6,16,3,0,2,9,0.198,0.272,0.47,taverle01
371,Donovan Solano,37,2TM,71,179,166,10,41,4,1,3,21,0.291,0.337,0.628,solando01
371,Donovan Solano,37,SEA,69,176,163,10,41,4,1,3,21,0.295,0.344,0.639,solando01
371,Donovan Solano,37,TEX,2,3,3,0,0,0,0,0,0,0,0,0,solando01
372,Jack Suwinski*,26,PIT,59,178,150,15,22,7,0,3,10,0.281,0.253,0.534,suwinja01
373,Alejandro Osuna*,22,TEX,63,176,151,12,32,4,0,2,15,0.313,0.278,0.591,osunaal02
374,Miles Mastrobuoni*,29,SEA,76,175,152,20,38,4,0,1,12,0.324,0.296,0.62,mastrmi01
375,John Rave*,27,KCR,72,175,153,18,30,5,0,4,14,0.283,0.307,0.59,ravejo01
376,Tyler Heineman#,34,TOR,61,174,149,25,43,8,1,3,20,0.361,0.416,0.777,heinety01
377,Johan Rojas,24,PHI,71,172,152,23,34,3,2,1,18,0.28,0.289,0.569,rojasjo03
378,Blake Perkins#,28,MIL,54,171,155,25,35,6,2,3,19,0.298,0.348,0.647,perkibl01
379,Hyeseong Kim*,26,LAD,71,170,161,19,45,6,1,3,17,0.314,0.385,0.699,kimhy02
380,José Tena*,24,WSN,50,169,152,19,37,13,2,0,16,0.314,0.355,0.669,tenajo01
381,Yohel Pozo,28,STL,67,168,160,16,37,8,0,5,19,0.262,0.375,0.637,pozoyo01
382,Heston Kjerstad*,26,BAL,54,167,156,16,30,5,2,4,19,0.24,0.327,0.566,kjershe01
383,Thairo Estrada,29,COL,39,165,154,14,39,9,0,3,21,0.285,0.37,0.655,estrath01
384,Martín Maldonado,38,SDP,64,161,147,11,30,6,0,4,12,0.245,0.327,0.572,maldoma01
385,Austin Slater,32,2TM,65,160,148,22,32,6,1,5,13,0.27,0.372,0.642,slateau01
385,Austin Slater,32,CHW,51,135,123,20,29,6,1,5,11,0.299,0.423,0.721,slateau01
385,Austin Slater,32,NYY,14,25,25,2,3,0,0,0,2,0.12,0.12,0.24,slateau01
386,Denzel Clarke,25,ATH,47,159,148,18,34,8,2,3,8,0.274,0.372,0.646,clarkde02
387,David Fry,29,CLE,66,157,146,16,25,4,0,8,23,0.229,0.363,0.592,fryda01
388,Kyle Karros,22,COL,43,156,137,20,31,4,0,1,9,0.308,0.277,0.585,karroky01
389,Dalton Rushing*,24,LAD,53,155,142,15,29,5,0,4,24,0.258,0.324,0.582,rushida01
390,Jhonkensy Noel,23,CLE,69,153,148,19,24,2,0,6,13,0.183,0.297,0.48,noeljh01
391,Alan Roden*,25,2TM,55,153,136,17,26,6,1,2,9,0.261,0.294,0.556,rodenal01
391,Alan Roden*,25,TOR,43,113,98,12,20,5,1,1,8,0.283,0.306,0.589,rodenal01
391,Alan Roden*,25,MIN,12,40,38,5,6,1,0,1,1,0.2,0.263,0.463,rodenal01
392,Jahmai Jones,27,DET,72,150,129,21,37,11,1,7,23,0.387,0.55,0.937,jonesja08
393,Bryce Teodosio,26,LAA,50,150,138,12,28,7,2,1,7,0.248,0.304,0.553,teodobr01
394,Derek Hill,29,2TM,57,149,134,19,29,6,0,3,11,0.281,0.328,0.609,hillde01
394,Derek Hill,29,MIA,53,141,127,19,27,6,0,3,10,0.275,0.331,0.606,hillde01
394,Derek Hill,29,CHW,4,8,7,0,2,0,0,0,1,0.375,0.286,0.661,hillde01
395,Will Wagner*,26,2TM,55,149,129,15,29,7,0,0,7,0.324,0.279,0.603,wagnewi01
395,Will Wagner*,26,TOR,40,132,114,13,27,7,0,0,7,0.336,0.298,0.634,wagnewi01
395,Will Wagner*,26,SDP,15,17,15,2,2,0,0,0,0,0.235,0.133,0.369,wagnewi01
396,Brandon Lockridge,28,2TM,67,148,134,17,31,7,1,0,11,0.276,0.299,0.574,lockrbr01
396,Brandon Lockridge,28,SDP,47,95,88,9,19,4,0,0,5,0.258,0.261,0.519,lockrbr01
396,Brandon Lockridge,28,MIL,20,53,46,8,12,3,1,0,6,0.308,0.37,0.677,lockrbr01
397,James Outman*,28,2TM,59,148,134,19,18,5,1,6,11,0.216,0.321,0.537,outmaja01
397,James Outman*,28,LAD,22,44,39,8,4,1,0,2,4,0.205,0.282,0.487,outmaja01
397,James Outman*,28,MIN,37,104,95,11,14,4,1,4,7,0.221,0.337,0.558,outmaja01
398,Yanquiel Fernández*,22,COL,52,147,138,13,31,5,0,4,11,0.265,0.348,0.613,fernaya01
399,Warming Bernabel,23,COL,40,146,139,15,35,8,1,4,14,0.288,0.41,0.698,bernawa01
400,Joshua Palacios*,29,CHW,51,145,128,11,26,4,0,3,9,0.292,0.305,0.596,palacjo01
401,DJ LeMahieu,36,NYY,45,142,128,13,34,3,0,2,12,0.338,0.336,0.674,lemahdj01
402,Jake Rogers,30,DET,46,142,123,14,23,5,2,3,19,0.277,0.333,0.61,rogerja03
403,Lane Thomas,29,CLE,39,142,125,10,20,2,0,4,11,0.246,0.272,0.518,thomala02
404,Reese McGuire*,30,CHC,44,140,133,17,30,2,0,9,24,0.245,0.444,0.688,mcguire01
405,Kyren Paris,23,LAA,44,140,126,20,24,4,1,6,11,0.266,0.381,0.647,parisky01
406,C.J. Kayfus*,23,CLE,44,138,123,16,27,10,1,4,19,0.292,0.415,0.707,kayfucj01
407,Dylan Beavers*,23,BAL,35,137,110,16,25,5,1,4,14,0.375,0.4,0.775,beavedy01
408,Christian Encarnacion-Strand,25,CIN,36,137,130,13,27,4,0,6,19,0.234,0.377,0.61,encarch01
409,James McCann,35,ARI,42,137,123,18,32,6,0,5,17,0.324,0.431,0.754,mccanja02
410,Marcelo Mayer*,22,BOS,44,136,127,20,29,8,1,4,10,0.272,0.402,0.674,mayerma01
411,Andruw Monasterio,28,MIL,68,135,126,19,34,9,0,4,16,0.319,0.437,0.755,monasan01
412,Taylor Trammell*,27,HOU,52,135,117,15,23,7,0,3,12,0.296,0.333,0.63,trammta01
413,Matt Mervis*,27,MIA,42,134,120,15,21,4,0,7,14,0.254,0.383,0.637,mervima01
414,Colby Thomas,24,ATH,49,132,120,20,27,5,0,6,19,0.267,0.417,0.684,thomaco03
415,Adrian Del Castillo*,25,ARI,44,131,120,9,29,6,0,4,17,0.29,0.392,0.682,delcaad01
416,Jacob Stallings,35,2TM,42,129,119,5,16,4,0,0,9,0.195,0.168,0.363,stallja01
416,Jacob Stallings,35,COL,28,93,84,4,12,3,0,0,6,0.217,0.179,0.396,stallja01
416,Jacob Stallings,35,BAL,14,36,35,1,4,1,0,0,3,0.139,0.143,0.282,stallja01
417,Adael Amador#,22,COL,41,128,113,5,20,7,0,1,10,0.256,0.265,0.521,amadoad01
418,Brendan Rodgers,28,HOU,43,128,115,12,22,4,0,2,11,0.266,0.278,0.544,rodgebr02
419,Ben Rortvedt*,27,2TM,44,128,112,9,17,3,0,1,10,0.24,0.205,0.445,rortvbe01
419,Ben Rortvedt*,27,TBR,26,70,63,2,6,1,0,0,6,0.186,0.111,0.297,rortvbe01
419,Ben Rortvedt*,27,LAD,18,58,49,7,11,2,0,1,4,0.309,0.327,0.636,rortvbe01
420,Justyn-Henry Malloy,25,DET,52,127,104,15,23,6,0,1,17,0.346,0.308,0.654,malloju02
421,Emmanuel Rivera,29,BAL,42,127,120,5,30,4,0,0,13,0.291,0.283,0.575,riverem01
422,Tyler Wade*,30,SDP,59,127,107,13,22,1,2,0,9,0.309,0.252,0.561,wadety01
423,Mark Canha,36,KCR,46,125,113,9,24,3,0,1,6,0.272,0.265,0.537,canhama01
424,Weston Wilson,30,PHI,52,125,111,15,22,4,0,5,17,0.282,0.369,0.652,wilsowe01
425,Chris Taylor,34,2TM,58,125,113,15,21,7,0,2,12,0.256,0.301,0.557,tayloch03
425,Chris Taylor,34,LAD,28,35,35,4,7,2,0,0,2,0.2,0.257,0.457,tayloch03
425,Chris Taylor,34,LAA,30,90,78,11,14,5,0,2,10,0.278,0.321,0.598,tayloch03
426,Jonah Bride,29,2TM,45,125,112,7,19,2,0,0,5,0.248,0.188,0.436,bridejo01
426,Jonah Bride,29,MIA,12,45,40,3,4,0,0,0,2,0.2,0.1,0.3,bridejo01
426,Jonah Bride,29,MIN,33,80,72,4,15,2,0,0,3,0.275,0.236,0.511,bridejo01
427,Oswaldo Cabrera#,26,NYY,34,122,107,17,26,4,0,1,11,0.322,0.308,0.631,cabreos01
428,Cody Freeman,24,TEX,36,121,114,13,26,4,0,3,15,0.258,0.342,0.6,freemco01
429,Troy Johnston*,28,MIA,44,121,112,12,31,2,1,4,13,0.331,0.42,0.75,johnstr02
430,Ildemaro Vargas#,33,ARI,38,121,115,12,31,2,1,3,19,0.292,0.383,0.674,vargail01
431,Braxton Fulford,26,COL,38,120,108,11,23,5,2,1,16,0.267,0.324,0.591,fulfobr01
432,Samuel Basallo*,20,BAL,31,118,109,10,18,6,0,4,15,0.229,0.33,0.559,basalsa01
433,Rafael Marchán#,26,PHI,42,118,105,9,22,4,0,2,13,0.282,0.305,0.587,marchra01
434,Tyler Locklear,24,ARI,31,116,103,11,18,0,0,3,6,0.267,0.262,0.529,locklty01
435,Chas McCormick,30,HOU,64,116,100,13,21,5,0,1,5,0.279,0.29,0.569,mccorch01
436,Kevin Newman,31,LAA,56,116,114,13,23,2,0,2,11,0.209,0.272,0.481,newmake01
437,Víctor Robles,28,SEA,32,114,106,12,26,4,1,1,9,0.281,0.33,0.611,roblevi01
438,Triston Casas*,25,BOS,29,112,99,5,18,3,0,3,11,0.277,0.303,0.58,casastr01
439,Jonatan Clase#,23,TOR,34,112,100,10,21,3,0,2,9,0.288,0.3,0.588,clasejo01
440,Willie MacIver,28,ATH,32,111,102,7,19,5,0,3,9,0.252,0.324,0.576,macivwi01
441,Nick Martini*,35,COL,43,111,102,9,23,4,0,1,4,0.288,0.294,0.582,martini02
442,Leo Rivas#,27,SEA,48,111,90,19,22,2,0,2,9,0.387,0.333,0.721,rivasle01
443,Mickey Gasper#,29,MIN,45,110,95,15,15,1,0,2,11,0.257,0.232,0.488,gaspemi01
444,Michael Helman,29,TEX,38,110,99,18,23,5,1,5,20,0.29,0.455,0.744,helmami01
445,Austin Wynns,34,2TM,40,110,103,13,30,8,0,6,21,0.321,0.544,0.865,wynnsau01
445,Austin Wynns,34,CIN,18,43,40,6,16,3,0,3,11,0.442,0.7,1.142,wynnsau01
445,Austin Wynns,34,ATH,22,67,63,7,14,5,0,3,10,0.242,0.444,0.687,wynnsau01
446,Zach Dezenzo,25,HOU,34,109,98,17,24,6,0,2,10,0.321,0.367,0.688,dezenza01
447,Drew Gilbert*,24,SFG,39,109,100,12,19,5,1,3,13,0.248,0.35,0.598,gilbedr01
448,Hunter Renfroe,33,KCR,35,108,99,5,18,6,0,0,4,0.241,0.242,0.483,renfrhu01
449,Jon Berti,35,CHC,51,107,100,12,21,2,0,0,2,0.262,0.23,0.492,bertijo01
450,Carson Williams,22,TBR,32,106,99,11,17,3,0,5,12,0.219,0.354,0.573,willica02
451,Cooper Hummel#,30,2TM,37,105,88,10,15,0,0,3,7,0.298,0.273,0.571,hummeco01
451,Cooper Hummel#,30,BAL,1,1,1,0,0,0,0,0,0,0,0,0,hummeco01
451,Cooper Hummel#,30,HOU,36,104,87,10,15,0,0,3,7,0.301,0.276,0.577,hummeco01
452,Hunter Feduccia*,28,2TM,38,105,88,5,13,5,0,0,8,0.267,0.205,0.471,feduchu01
452,Hunter Feduccia*,28,LAD,2,3,2,0,0,0,0,0,0,0.333,0,0.333,feduchu01
452,Hunter Feduccia*,28,TBR,36,102,86,5,13,5,0,0,8,0.265,0.209,0.474,feduchu01
453,Vinny Capra,28,2TM,47,105,96,10,12,2,0,1,6,0.157,0.177,0.334,capravi01
453,Vinny Capra,28,MIL,24,59,54,6,4,0,0,1,4,0.121,0.13,0.25,capravi01
453,Vinny Capra,28,CHW,23,46,42,4,8,2,0,0,2,0.205,0.238,0.443,capravi01
454,Joey Loperfido*,26,TOR,41,104,96,12,32,4,0,4,14,0.379,0.5,0.879,loperjo01
455,Nick Sogard#,27,BOS,30,104,96,13,25,8,0,0,9,0.317,0.344,0.661,sogarni01
456,Miguel Amaya,26,CHC,28,103,96,14,27,9,0,4,25,0.314,0.5,0.814,amayami01
457,Enmanuel Valdéz*,26,PIT,31,102,91,7,19,4,2,2,12,0.294,0.363,0.657,valdeen01
458,Zack Gelof,25,ATH,30,101,92,12,16,3,0,2,7,0.23,0.272,0.502,gelofza01
459,Gary Sánchez,32,BAL,29,101,91,13,21,2,0,5,24,0.297,0.418,0.715,sanchga02
460,Alex Jackson,29,BAL,36,100,91,17,20,8,0,5,8,0.29,0.473,0.763,jacksal02
461,Matt Vierling,28,DET,31,100,88,6,21,3,0,1,11,0.31,0.307,0.617,vierlma01
462,Carlos Cortes*,28,ATH,42,99,94,11,29,8,1,4,14,0.323,0.543,0.866,corteca01
463,J.C. Escarra*,30,NYY,40,98,84,5,17,5,0,2,11,0.296,0.333,0.629,escarjc01
464,Alex Freeland#,23,LAD,29,97,84,10,16,2,1,2,6,0.292,0.31,0.601,freelal01
465,Jason Heyward*,35,SDP,34,95,85,9,15,2,0,2,12,0.223,0.271,0.494,heywaja01
466,Vidal Bruján#,27,3TM,60,95,87,14,22,5,0,0,8,0.305,0.31,0.616,brujavi01
466,Vidal Bruján#,27,2TM,59,94,86,14,21,5,0,0,8,0.298,0.302,0.6,brujavi01
466,Vidal Bruján#,27,CHC,36,47,45,6,10,3,0,0,3,0.234,0.289,0.523,brujavi01
466,Vidal Bruján#,27,BAL,1,1,1,0,1,0,0,0,0,1,1,2,brujavi01
466,Vidal Bruján#,27,ATL,23,47,41,8,11,2,0,0,5,0.362,0.317,0.679,brujavi01
467,Nasim Nuñez#,24,WSN,39,92,82,13,19,2,0,4,13,0.297,0.402,0.699,nunezna01
468,Jeimer Candelario#,31,CIN,22,91,80,3,9,2,0,2,10,0.198,0.213,0.41,candeje01
469,Will Wilson,26,CLE,34,91,78,7,15,4,0,0,2,0.267,0.244,0.511,wilsowi03
470,Garrett Hampson,30,3TM,62,91,77,19,11,2,0,0,1,0.25,0.169,0.419,hampsga01
470,Garrett Hampson,30,ARI,18,41,30,10,5,0,0,0,0,0.359,0.167,0.526,hampsga01
470,Garrett Hampson,30,CIN,9,19,18,0,3,1,0,0,0,0.211,0.222,0.433,hampsga01
470,Garrett Hampson,30,STL,35,31,29,9,3,1,0,0,1,0.133,0.138,0.271,hampsga01
471,Tim Anderson,32,LAA,31,90,83,8,17,3,0,0,3,0.258,0.241,0.499,anderti01
472,Nate Eaton,28,BOS,41,90,81,16,24,4,0,1,4,0.348,0.383,0.731,eatonna01
473,DaShawn Keirsey Jr.*,28,MIN,74,88,84,11,9,0,0,2,6,0.138,0.179,0.317,keirsda01
474,Andrew Knizner,30,SFG,33,88,77,12,17,1,1,1,5,0.299,0.299,0.598,kniznan01
475,Liover Peguero,24,PIT,33,88,80,9,16,1,0,4,8,0.273,0.363,0.635,pegueli01
476,Ronny Simón#,25,2TM,27,88,77,10,18,3,0,0,7,0.299,0.273,0.572,simonro01
476,Ronny Simón#,25,MIA,19,56,47,6,11,2,0,0,5,0.327,0.277,0.604,simonro01
476,Ronny Simón#,25,PIT,8,32,30,4,7,1,0,0,2,0.25,0.267,0.517,simonro01
477,Griffin Conine*,27,MIA,24,86,79,13,20,7,0,2,8,0.314,0.418,0.732,coningr01
478,Tristan Gray*,29,TBR,30,86,78,9,18,5,0,3,9,0.282,0.41,0.693,graytr01
479,Brett Harris,27,ATH,32,84,73,11,20,5,0,0,5,0.349,0.342,0.692,harribr02
480,Bryce Johnson#,29,SDP,55,84,76,9,26,4,0,1,8,0.383,0.434,0.817,johnsbr03
481,Cavan Biggio*,30,KCR,37,83,69,9,12,2,0,1,4,0.296,0.246,0.543,biggica01
482,Jorge Mateo,30,BAL,42,83,79,9,14,4,0,1,3,0.217,0.266,0.483,mateojo01
483,Bob Seymour*,26,TBR,26,83,78,9,16,1,1,1,5,0.253,0.282,0.535,seymobo01
484,Jesse Winker*,31,NYM,26,81,70,8,16,5,2,1,10,0.309,0.4,0.709,winkeje01
485,Connor Joe,32,2TM,42,80,70,2,13,4,0,0,4,0.263,0.243,0.505,joeco01
485,Connor Joe,32,SDP,7,10,9,0,0,0,0,0,0,0.1,0,0.1,joeco01
485,Connor Joe,32,CIN,35,70,61,2,13,4,0,0,4,0.286,0.279,0.564,joeco01
486,Jacob Melton*,24,HOU,32,78,70,7,11,0,1,0,7,0.234,0.186,0.419,meltoja01
487,Garrett Mitchell*,26,MIL,25,78,68,9,14,4,1,0,3,0.286,0.294,0.58,mitchga01
488,Hayden Senger,28,NYM,33,78,72,8,13,1,0,0,4,0.221,0.194,0.415,sengeha01
489,Jhonny Pereda,29,2TM,28,78,69,4,17,6,0,0,4,0.325,0.333,0.658,peredjh01
489,Jhonny Pereda,29,ATH,17,46,40,3,7,2,0,0,3,0.283,0.225,0.508,peredjh01
489,Jhonny Pereda,29,MIN,11,32,29,1,10,4,0,0,1,0.387,0.483,0.87,peredjh01
490,Jorge Barrosa#,24,ARI,33,77,71,8,10,3,0,1,7,0.169,0.225,0.394,barrojo01
491,Eric Haase,32,MIL,30,77,70,11,16,3,0,2,9,0.289,0.357,0.647,haaseer01
492,Johnathan Rodríguez,25,CLE,31,77,71,6,14,4,1,2,10,0.26,0.366,0.626,rodrijo10
493,Seth Brown*,32,ATH,38,76,65,6,12,2,0,1,3,0.303,0.262,0.564,brownse01
494,Blake Dunn,26,CIN,30,75,60,10,9,2,0,1,7,0.32,0.233,0.553,dunnbl01
495,Will Robertson*,27,2TM,27,75,70,2,9,1,0,0,9,0.173,0.143,0.316,roberwi02
495,Will Robertson*,27,TOR,3,12,10,0,1,0,0,0,1,0.25,0.1,0.35,roberwi02
495,Will Robertson*,27,CHW,24,63,60,2,8,1,0,0,8,0.159,0.15,0.309,roberwi02
496,Jordan Lawlar,22,ARI,28,74,66,9,12,7,0,0,5,0.257,0.288,0.545,lawlajo01
497,Blaine Crim,28,2TM,20,74,65,10,13,2,0,5,12,0.27,0.462,0.732,crimbl01
497,Blaine Crim,28,TEX,5,13,11,1,0,0,0,0,0,0.154,0,0.154,crimbl01
497,Blaine Crim,28,COL,15,61,54,9,13,2,0,5,12,0.295,0.556,0.851,crimbl01
498,Jacob Amaya,26,CHW,36,73,66,7,7,1,0,0,8,0.139,0.121,0.26,amayaja01
499,Sean Bouchard,29,COL,32,73,66,7,11,0,1,1,7,0.247,0.242,0.489,bouchse01
500,Andrés Chaparro,26,WSN,34,73,66,4,12,2,0,1,5,0.247,0.258,0.504,chapaan01
501,Everson Pereira,24,TBR,23,73,65,7,9,1,0,2,8,0.219,0.246,0.465,pereiev01
502,Anthony Seigler*,26,MIL,34,73,62,6,12,1,0,0,5,0.292,0.21,0.501,seiglan01
503,Tim Elko,26,CHW,23,72,67,6,9,1,0,4,8,0.194,0.328,0.523,elkoti01
504,Nick Yorke,23,PIT,22,72,69,7,16,3,0,1,8,0.264,0.319,0.583,yorkeni01
505,José Fermín,26,STL,30,70,60,5,17,5,0,1,9,0.377,0.417,0.793,fermijo01
506,Matthew Lugo,24,LAA,31,70,69,9,16,2,1,4,9,0.243,0.464,0.707,lugoma01
507,Carter Jensen*,21,KCR,20,69,60,12,18,6,0,3,13,0.391,0.55,0.941,jenseca01
508,Moisés Ballesteros*,21,CHC,20,66,57,12,17,2,1,2,11,0.394,0.474,0.868,ballemo01
509,Gustavo Campero#,27,LAA,28,66,58,9,10,1,0,3,8,0.273,0.345,0.618,campegu01
510,Jorbit Vivas*,24,NYY,29,66,56,6,9,2,0,1,5,0.266,0.25,0.516,vivasjo01
511,Nathan Church*,24,STL,27,65,56,9,10,1,0,1,8,0.254,0.25,0.504,churcna01
512,Jarred Kelenic*,25,ATL,24,65,60,7,10,2,0,2,2,0.231,0.3,0.531,kelenja01
513,MJ Melendez*,26,KCR,23,65,60,5,5,2,0,1,1,0.154,0.167,0.321,melenmj01
514,Nick Maton*,28,CHW,25,63,54,5,9,2,0,2,4,0.286,0.315,0.601,matonni01
515,Brett Wisely*,26,2TM,26,63,54,5,10,4,0,1,10,0.279,0.315,0.594,wiselbr01
515,Brett Wisely*,26,SFG,22,54,48,5,10,4,0,1,10,0.269,0.354,0.623,wiselbr01
515,Brett Wisely*,26,ATL,4,9,6,0,0,0,0,0,0,0.333,0,0.333,wiselbr01
516,Maximo Acosta,22,MIA,19,61,54,7,11,1,0,3,5,0.295,0.389,0.684,acostma02
517,Oscar González,27,SDP,21,61,59,2,13,1,0,0,4,0.246,0.237,0.483,gonzaos01
518,Sam Hilliard*,31,COL,20,61,51,8,10,3,1,2,3,0.328,0.412,0.74,hillisa01
519,Joey Wiemer,26,MIA,27,61,55,7,13,2,0,3,12,0.279,0.436,0.715,wiemejo01
520,Jonny DeLuca,26,TBR,20,59,57,5,19,1,3,0,4,0.356,0.456,0.812,delucjo01
521,Ryan Noda*,29,2TM,23,59,47,3,5,0,0,1,2,0.276,0.17,0.446,nodary01
521,Ryan Noda*,29,CHW,16,45,34,3,3,0,0,1,1,0.295,0.176,0.472,nodary01
521,Ryan Noda*,29,BAL,7,14,13,0,2,0,0,0,1,0.214,0.154,0.368,nodary01
522,Sam Huff,27,SFG,20,58,53,5,11,1,0,2,4,0.259,0.34,0.598,huffsa01
523,Sal Stewart,21,CIN,18,58,55,11,14,1,0,5,8,0.293,0.545,0.839,stewasa02
524,Endy Rodríguez#,25,PIT,18,57,52,5,9,4,0,0,2,0.246,0.25,0.496,rodrien01
525,Tyler Tolbert,27,KCR,64,57,50,19,14,2,0,1,6,0.321,0.38,0.701,tolbety01
526,Daniel Johnson*,29,2TM,31,57,53,13,10,3,0,1,1,0.246,0.302,0.548,johnsda07
526,Daniel Johnson*,29,SFG,14,31,29,5,5,2,0,1,1,0.226,0.345,0.571,johnsda07
526,Daniel Johnson*,29,BAL,17,26,24,8,5,1,0,0,0,0.269,0.25,0.519,johnsda07
527,Jerar Encarnación,27,SFG,19,56,55,5,11,3,0,2,7,0.214,0.364,0.578,encarje01
528,Zack Short,30,HOU,22,56,50,9,11,2,0,2,7,0.291,0.38,0.671,shortza01
529,Stuart Fairchild,29,ATL,28,55,51,7,11,4,1,0,2,0.273,0.333,0.606,faircst01
530,Jace Jung*,24,DET,21,55,47,8,5,0,0,0,3,0.236,0.106,0.343,jungja01
531,Drew Millas#,27,WSN,18,55,49,6,15,5,1,0,7,0.358,0.449,0.807,milladr01
532,Luke Maile,34,KCR,25,54,45,6,11,2,0,1,6,0.346,0.356,0.702,mailelu01
533,Ryan Fitzgerald*,31,MIN,24,53,46,10,9,0,0,4,9,0.302,0.457,0.758,fitzgry01
534,Luis Vázquez,25,BAL,32,53,50,6,8,1,0,1,3,0.208,0.24,0.448,vazqulu01
535,Zach Cole*,24,HOU,15,52,47,9,12,2,0,4,11,0.327,0.553,0.88,coleza01
536,Bryan De La Cruz,28,ATL,16,50,47,1,9,1,0,0,0,0.24,0.213,0.453,delacbr01
537,Travis Jankowski*,34,3TM,25,50,45,8,11,2,0,0,2,0.286,0.289,0.575,jankotr01
537,Travis Jankowski*,34,2TM,21,49,45,7,11,2,0,0,2,0.286,0.289,0.575,jankotr01
537,Travis Jankowski*,34,CHW,7,15,14,1,3,0,0,0,0,0.267,0.214,0.481,jankotr01
537,Travis Jankowski*,34,TBR,14,34,31,6,8,2,0,0,2,0.294,0.323,0.617,jankotr01
537,Travis Jankowski*,34,NYM,4,1,0,1,0,0,0,0,0,,,,jankotr01
538,Richie Palacios*,28,TBR,17,48,42,10,14,2,0,1,3,0.396,0.452,0.848,palacri01
539,George Valera*,24,CLE,16,48,41,7,9,2,0,2,5,0.333,0.415,0.748,valerge01
540,Maverick Handley,27,BAL,16,47,41,2,3,0,0,0,3,0.133,0.073,0.207,handlma01
541,Brice Matthews,23,HOU,13,47,42,6,7,0,0,4,9,0.222,0.452,0.675,matthbr01
542,Jared Young*,29,NYM,22,47,43,5,8,1,0,4,6,0.234,0.488,0.722,youngja02
543,Logan Davidson#,27,2TM,19,47,42,3,7,2,0,1,4,0.222,0.286,0.508,davidlo01
543,Logan Davidson#,27,ATH,9,24,20,1,3,1,0,0,2,0.261,0.2,0.461,davidlo01
543,Logan Davidson#,27,LAA,10,23,22,2,4,1,0,1,2,0.182,0.364,0.545,davidlo01
544,Jimmy Crooks*,23,STL,15,46,45,3,6,0,1,1,1,0.152,0.244,0.397,crookji01
545,Austin Barnes,35,LAD,13,44,42,4,9,3,0,0,2,0.233,0.286,0.518,barneau01
546,Rece Hinds,24,CIN,15,44,43,6,5,1,0,2,3,0.136,0.279,0.415,hindsre01
547,Ryan Kreidler,27,DET,17,44,38,5,4,0,0,0,0,0.19,0.105,0.296,kreidry01
548,Trenton Brooks*,29,SDP,25,43,41,5,6,2,0,1,2,0.186,0.268,0.454,brooktr01
549,Denzer Guzmán,21,LAA,13,43,42,4,8,1,0,2,3,0.209,0.357,0.566,guzmade01
550,Dustin Harris*,25,TEX,19,43,40,5,8,3,0,1,2,0.256,0.35,0.606,harridu01
551,Kevin Pillar,36,TEX,20,43,43,6,9,2,0,0,1,0.209,0.256,0.465,pillake01
552,Alan Trejo,29,COL,13,43,40,3,7,2,0,0,1,0.19,0.225,0.415,trejoal01
553,Daz Cameron,28,MIL,21,42,41,7,8,1,0,1,3,0.214,0.293,0.507,camerda01
554,Matt Gorski,27,PIT,15,42,41,2,8,0,1,2,4,0.214,0.39,0.605,gorskma01
555,Luken Baker,28,STL,19,41,34,3,8,3,0,0,2,0.366,0.324,0.689,bakerlu01
556,Kris Bryant,33,COL,11,41,39,2,6,2,0,0,1,0.195,0.205,0.4,bryankr01
557,Oliver Dunn*,27,MIL,14,41,36,4,6,2,0,0,6,0.205,0.222,0.427,dunnol01
558,Austin Nola,35,COL,14,41,38,2,7,1,0,0,1,0.225,0.211,0.436,nolaau01
559,Yuli Gurriel,41,SDP,16,40,36,2,4,1,0,0,3,0.2,0.139,0.339,gourryu01
560,Korey Lee,26,CHW,25,40,35,10,9,3,0,1,3,0.333,0.429,0.762,leeko01
561,Jorge Alfaro,32,WSN,14,39,39,3,10,2,0,0,3,0.256,0.308,0.564,alfarjo01
562,Ryan Bliss,25,SEA,11,39,35,1,7,1,0,1,3,0.282,0.314,0.596,blissry01
563,Cam Devanney,28,PIT,14,38,36,1,5,1,0,0,1,0.184,0.167,0.351,devanca01
564,Víctor Mesa Jr.*,23,MIA,16,38,32,7,6,2,0,1,6,0.297,0.344,0.641,mesavi01
565,Bryce Eldridge*,20,SFG,10,37,28,1,3,2,0,0,4,0.297,0.179,0.476,eldribr01
566,Tomás Nido,31,DET,10,37,35,4,12,0,0,0,2,0.361,0.343,0.704,nidoto01
567,Zac Veen*,23,COL,12,37,34,1,4,1,0,1,2,0.189,0.235,0.424,veenza01
568,José Miranda,27,MIN,12,36,36,2,6,0,0,1,5,0.167,0.25,0.417,miranjo01
569,Jose Siri,29,NYM,16,36,32,7,2,2,0,0,1,0.167,0.125,0.292,sirijo01
570,Dominic Fletcher*,27,CHW,12,34,32,5,7,5,0,1,2,0.265,0.469,0.733,fletcdo01
571,Pablo Reyes,31,NYY,24,34,31,4,6,1,0,0,2,0.242,0.226,0.468,reyespa01
572,Sebastián Rivero,26,LAA,11,34,33,4,6,2,0,0,2,0.206,0.242,0.448,riverse01
573,Luke Williams,28,ATL,39,34,31,5,4,2,0,0,5,0.176,0.194,0.37,willilu01
574,Aaron Schunk,27,COL,16,33,32,1,6,1,0,0,0,0.188,0.219,0.406,schunaa01
575,Leo Jiménez,24,TOR,18,32,29,2,2,0,0,1,1,0.129,0.172,0.301,jimenle01
576,Shay Whitcomb,26,HOU,20,32,32,4,4,0,0,1,1,0.125,0.219,0.344,whitcsh01
577,Buddy Kennedy,26,3TM,13,32,29,2,2,1,0,0,1,0.156,0.103,0.26,kennebu01
577,Buddy Kennedy,26,2TM,11,26,24,1,1,0,0,0,1,0.115,0.042,0.157,kennebu01
577,Buddy Kennedy,26,PHI,4,8,7,0,0,0,0,0,0,0.125,0,0.125,kennebu01
577,Buddy Kennedy,26,TOR,2,6,5,1,1,1,0,0,0,0.333,0.4,0.733,kennebu01
577,Buddy Kennedy,26,LAD,7,18,17,1,1,0,0,0,1,0.111,0.059,0.17,kennebu01
578,Jose Barrero,27,STL,22,31,29,4,4,1,0,1,3,0.194,0.276,0.469,garcijo02
579,Carson McCusker,27,MIN,16,30,29,0,5,0,0,0,1,0.2,0.172,0.372,mccusca01
580,Scott Kingery,31,LAA,19,29,27,3,4,1,0,0,0,0.207,0.185,0.392,kingesc01
581,Nicky Lopez*,30,2TM,18,28,24,2,1,0,0,0,1,0.179,0.042,0.22,lopezni01
581,Nicky Lopez*,30,LAA,4,6,6,0,0,0,0,0,0,0,0,0,lopezni01
581,Nicky Lopez*,30,CHC,14,22,18,2,1,0,0,0,1,0.227,0.056,0.283,lopezni01
582,Owen Caissie*,22,CHC,12,27,26,4,5,1,0,1,4,0.222,0.346,0.568,caissow01
583,Luis Campusano,26,SDP,10,27,21,0,0,0,0,0,0,0.222,0,0.222,campulu01
584,Mason McCoy,30,SDP,18,26,22,5,3,1,0,0,1,0.269,0.182,0.451,mccoyma01
585,Grant McCray*,24,SFG,22,26,22,3,2,0,1,0,2,0.16,0.182,0.342,mccragr01
586,Ji Hwan Bae*,25,PIT,13,25,20,4,1,0,0,0,0,0.24,0.05,0.29,baeji01
587,Michael Stefanic,29,TOR,9,25,22,1,4,0,0,0,0,0.28,0.182,0.462,stefami01
588,David Villar,28,SFG,9,25,20,4,4,1,0,0,1,0.36,0.25,0.61,villada01
589,Tristin English,28,ARI,7,23,22,0,2,1,0,0,1,0.13,0.136,0.267,englitr01
590,Niko Kavadas*,26,LAA,10,23,20,0,2,0,0,0,0,0.217,0.1,0.317,kavadni01
591,Esteury Ruiz,26,LAD,19,23,21,2,4,0,0,1,2,0.261,0.333,0.594,ruizes01
592,Ali Sánchez,28,2TM,12,23,23,2,5,2,0,0,0,0.217,0.304,0.522,sanchal04
592,Ali Sánchez,28,TOR,8,21,21,2,5,2,0,0,0,0.238,0.333,0.571,sanchal04
592,Ali Sánchez,28,BOS,4,2,2,0,0,0,0,0,0,0,0,0,sanchal04
593,Chadwick Tromp,30,2TM,8,22,21,2,3,1,0,1,1,0.182,0.333,0.515,trompch01
593,Chadwick Tromp,30,ATL,2,6,5,0,0,0,0,0,0,0.167,0,0.167,trompch01
593,Chadwick Tromp,30,BAL,6,16,16,2,3,1,0,1,1,0.188,0.438,0.625,trompch01
594,Bobby Dalbec,30,CHW,7,21,18,2,4,1,0,0,1,0.333,0.278,0.611,dalbebo01
595,Luis Guillorme*,30,HOU,12,21,20,2,3,0,0,0,0,0.19,0.15,0.34,guilllu01
596,Keston Hiura,28,COL,8,21,18,3,4,1,0,0,1,0.333,0.278,0.611,hiurake01
597,Billy McKinney*,30,TEX,6,21,20,4,4,1,0,0,1,0.238,0.25,0.488,mckinbi01
598,José Azócar,29,2TM,14,21,19,5,5,0,0,0,1,0.333,0.263,0.596,azocajo01
598,José Azócar,29,NYM,12,20,18,5,5,0,0,0,1,0.35,0.278,0.628,azocajo01
598,José Azócar,29,ATL,2,1,1,0,0,0,0,0,0,0,0,0,azocajo01
599,Manuel Margot,30,DET,6,20,19,1,6,0,0,0,3,0.3,0.316,0.616,margoma01
600,Connor Kaiser,28,ARI,11,19,18,1,2,1,0,0,2,0.158,0.167,0.325,kaiseco01
601,Michael Siani*,25,STL,19,19,17,4,4,0,0,0,0,0.316,0.235,0.551,sianimi01
602,Akil Baddoo*,26,DET,7,18,17,0,2,1,0,0,1,0.167,0.176,0.343,baddoak01
603,Blake Sabol*,27,BOS,8,18,16,2,2,1,0,0,1,0.167,0.188,0.354,sabolbl01
604,Drew Avans*,29,2TM,8,18,17,1,2,0,0,0,1,0.111,0.118,0.229,avansdr01
604,Drew Avans*,29,ATH,7,15,15,1,2,0,0,0,0,0.133,0.133,0.267,avansdr01
604,Drew Avans*,29,MIL,1,3,2,0,0,0,0,0,1,0,0,0,avansdr01
605,CJ Alexander*,28,ATH,6,17,17,0,3,0,0,0,0,0.176,0.176,0.353,alexacj01
606,Rafael Flores,24,PIT,7,17,15,0,3,2,0,0,0,0.294,0.333,0.627,florera03
607,Owen Miller,28,COL,9,17,14,0,2,0,0,0,1,0.294,0.143,0.437,milleow01
608,Gage Workman*,25,2TM,12,17,16,0,3,1,0,0,2,0.235,0.25,0.485,workmga01
608,Gage Workman*,25,CHC,9,15,14,0,3,1,0,0,2,0.267,0.286,0.552,workmga01
608,Gage Workman*,25,CHW,3,2,2,0,0,0,0,0,0,0,0,0,workmga01
609,Tirso Ornelas*,25,SDP,7,16,14,0,1,0,0,0,1,0.188,0.071,0.259,ornelti01
610,César Salazar*,29,HOU,11,16,13,0,3,0,0,0,1,0.375,0.231,0.606,salazce01
611,Jack Winkler,26,MIA,14,16,16,2,4,2,0,0,0,0.25,0.375,0.625,winklja01
612,Tucker Barnhart*,34,TEX,8,15,13,0,3,0,0,0,0,0.333,0.231,0.564,barnhtu01
613,Jacob Hurtubise*,27,CIN,12,15,12,3,1,0,0,0,0,0.267,0.083,0.35,hurtuja01
614,Brian Navarreto,30,MIA,8,15,14,3,4,2,0,1,5,0.267,0.643,0.91,navarbr01
615,Ryan Vilade,26,2TM,8,15,13,1,1,0,0,0,0,0.2,0.077,0.277,viladry01
615,Ryan Vilade,26,STL,7,15,13,1,1,0,0,0,0,0.2,0.077,0.277,viladry01
615,Ryan Vilade,26,CIN,1,0,0,0,0,0,0,0,0,,,,viladry01
616,Greg Allen#,32,BAL,7,14,14,1,0,0,0,0,0,0,0,0,allengr01
617,Chad Stevens,26,LAA,5,14,13,1,2,0,0,0,0,0.154,0.154,0.308,stevech02
618,Tyler Black*,24,MIL,5,13,8,1,2,1,0,0,1,0.538,0.375,0.913,blackty01
619,Will Brennan*,27,CLE,6,13,11,0,1,0,0,0,0,0.231,0.091,0.322,brennwi02
620,Corey Julks,29,CHW,6,13,12,2,3,2,0,0,1,0.231,0.417,0.647,julksco01
621,Kevin Alcántara,22,CHC,10,12,11,2,4,0,0,0,1,0.417,0.364,0.78,alcanke01
622,Sandy León#,36,ATL,5,12,12,1,1,0,0,1,3,0.083,0.333,0.417,leonsa01
623,Vimael Machín*,31,BAL,4,12,11,1,1,0,0,1,1,0.167,0.364,0.53,machivi01
624,Tristan Peters*,25,TBR,4,12,12,0,0,0,0,0,0,0,0,0,petertr01
625,Bryan Ramos,23,CHW,4,12,12,1,2,2,0,0,2,0.167,0.333,0.5,ramosbr01
626,Nick Solak,30,PIT,4,11,11,0,1,0,0,0,0,0.091,0.091,0.182,solakni01
627,Nick Ahmed,35,TEX,5,10,9,1,0,0,0,0,0,0.1,0,0.1,ahmedni01
628,Will Banfield,25,CIN,7,10,10,0,1,0,0,0,0,0.1,0.1,0.2,banfiwi01
629,Coco Montes,28,TBR,5,10,10,0,2,0,0,0,1,0.2,0.2,0.4,monteco01
630,Omar Narváez*,33,CHW,4,10,7,1,2,0,0,0,3,0.4,0.286,0.686,narvaom01
631,Rhylan Thomas*,25,SEA,3,10,8,2,1,1,0,0,2,0.2,0.25,0.45,thomarh01
632,Jonathan Ornelas,25,2TM,6,10,9,1,2,0,0,0,0,0.3,0.222,0.522,orneljo01
632,Jonathan Ornelas,25,TEX,4,6,5,0,0,0,0,0,0,0.167,0,0.167,orneljo01
632,Jonathan Ornelas,25,ATL,2,4,4,1,2,0,0,0,0,0.5,0.5,1,orneljo01
633,J.D. Davis,32,LAA,5,9,9,0,1,0,0,0,0,0.111,0.111,0.222,davisjd01
634,Justin Foscue,26,TEX,4,9,9,0,1,1,0,0,2,0.111,0.222,0.333,foscuju01
635,Jhostynxon García,22,BOS,5,9,7,0,1,1,0,0,0,0.333,0.286,0.619,garcijh01
636,Logan Porter,29,SFG,4,9,7,2,1,0,0,0,1,0.333,0.143,0.476,portelo01
637,Jon Singleton*,33,HOU,3,9,9,0,1,0,0,0,0,0.111,0.111,0.222,singljo02
638,Brett Sullivan*,31,PIT,3,9,6,1,1,0,0,0,2,0.333,0.167,0.5,sullibr01
639,Samad Taylor,26,SEA,4,9,8,1,1,0,0,0,0,0.125,0.125,0.25,taylosa04
640,Donovan Walton*,31,PHI,2,9,8,1,1,0,0,0,1,0.125,0.125,0.25,waltodo01
641,Dairon Blanco,32,KCR,9,8,6,2,1,1,0,0,1,0.167,0.333,0.5,blancda02
642,Harry Ford,22,SEA,8,8,6,1,1,0,0,0,1,0.25,0.167,0.417,fordha01
643,Petey Halpin*,23,CLE,6,8,6,5,2,0,0,0,0,0.5,0.333,0.833,halpipe01
644,Carter Kieboom,27,LAA,3,8,8,0,2,0,0,0,1,0.25,0.25,0.5,kieboca01
645,Cal Stevenson*,28,PHI,5,8,8,0,2,0,0,0,1,0.25,0.25,0.5,steveca01
646,Eddie Rosario*,33,2TM,5,8,8,1,1,0,0,0,0,0.125,0.125,0.25,rosared01
646,Eddie Rosario*,33,LAD,2,4,4,0,1,0,0,0,0,0.25,0.25,0.5,rosared01
646,Eddie Rosario*,33,ATL,3,4,4,1,0,0,0,0,0,0,0,0,rosared01
647,Rob Brantly*,35,MIA,3,7,7,0,3,0,0,0,1,0.429,0.429,0.857,brantro01
648,Tsung-Che Cheng*,23,PIT,3,7,7,0,0,0,0,0,0,0,0,0,chengts01
649,Dom Nuñez*,30,CLE,2,7,7,2,2,0,0,0,0,0.286,0.286,0.571,nunezdo01
650,Steward Berroa#,26,MIL,2,6,5,0,0,0,0,0,0,0.167,0,0.167,berrost01
651,Tyler Callihan*,25,CIN,4,6,6,0,1,0,0,0,1,0.167,0.167,0.333,callity01
652,Billy Cook,26,PIT,3,6,6,1,2,0,0,0,0,0.333,0.333,0.667,cookbi01
653,César Prieto*,26,STL,3,6,6,0,1,0,0,0,0,0.167,0.167,0.333,prietce01
654,Jordyn Adams,25,BAL,10,5,5,1,0,0,0,0,0,0,0,0,adamsjo03
655,Sergio Alcántara#,28,SFG,1,4,4,0,0,0,0,0,0,0,0,0,alcanse01
656,Kenedy Corona,25,HOU,3,4,2,0,0,0,0,0,0,0.5,0,0.5,coronke01
657,Aramis Garcia,32,ARI,2,4,4,0,0,0,0,0,0,0,0,0,garciar01
658,Brewer Hicklen,29,DET,1,4,3,2,2,0,0,0,0,0.75,0.667,1.417,hicklbr01
659,Trey Lipscomb,25,WSN,3,4,4,1,2,0,0,0,0,0.5,0.5,1,lipsctr01
660,Drew Romo#,23,COL,3,3,3,0,0,0,0,0,0,0,0,0,romodr01
661,CJ Stubbs,28,WSN,1,3,3,0,0,0,0,0,0,0,0,0,stubbcj01
662,David Bañuelos,28,BAL,1,2,1,0,0,0,0,0,0,0.5,0,0.5,banueda01
663,Justin Dean,28,LAD,18,2,2,0,0,0,0,0,0,0,0,0,deanju01
664,Greg Jones#,27,CHW,3,2,2,0,0,0,0,0,0,0,0,0,jonesgr02
665,Chuckie Robinson,30,LAD,1,2,1,1,0,0,0,0,0,0,0,0,robinch04
666,Trevor Rogers*,27,BAL,1,2,2,0,0,0,0,0,0,0,0,0,rogertr01
667,Tyler Alexander,30,CHW,1,1,1,0,0,0,0,0,0,0,0,0,alexaty01
668,Jack Leiter,25,TEX,1,1,1,0,0,0,0,0,0,0,0,0,leiteja01
669,Ryne Nelson,27,ARI,1,1,1,1,1,0,0,0,1,1,1,2,nelsory01
670,Shinnosuke Ogasawara*,27,WSN,1,1,1,0,0,0,0,0,0,0,0,0,ogasash01
671,Colin Rea,34,CHC,1,1,1,0,0,0,0,0,0,0,0,0,reaco01
672,Garrett Stubbs*,32,PHI,5,1,1,2,0,0,0,0,0,0,0,0,stubbga01
673,Terrin Vavra*,28,BAL,1,1,1,0,0,0,0,0,0,0,0,0,vavrate01
674,Bryan Abreu,28,HOU,1,0,0,0,0,0,0,0,0,,,,abreubr01
675,Zach Agnos,24,COL,1,0,0,0,0,0,0,0,0,,,,agnosza01
676,Keegan Akin*,30,BAL,2,0,0,0,0,0,0,0,0,,,,akinke01
677,Elvis Alvarado,26,ATH,1,0,0,0,0,0,0,0,0,,,,alvarel01
678,Shawn Armstrong,34,TEX,1,0,0,0,0,0,0,0,0,,,,armstsh01
679,Luinder Avila,23,KCR,1,0,0,0,0,0,0,0,0,,,,avilalu02
680,Kyle Backhus*,27,ARI,1,0,0,0,0,0,0,0,0,,,,backhky01
681,Bryan Baker,30,BAL,1,0,0,0,0,0,0,0,0,,,,bakerbr01
682,Anthony Banda*,31,LAD,1,0,0,0,0,0,0,0,0,,,,bandaan01
683,Félix Bautista,30,BAL,1,0,0,0,0,0,0,0,0,,,,bautife01
684,Brennan Bernardino*,33,BOS,1,0,0,0,0,0,0,0,0,,,,bernabr01
685,Jake Bird,29,COL,1,0,0,0,0,0,0,0,0,,,,birdja01
686,Hayden Birdsong,23,SFG,1,0,0,0,0,0,0,0,0,,,,birdsha01
687,Matt Bowman,34,BAL,1,0,0,0,0,0,0,0,0,,,,bowmama01
688,John Brebbia*,35,DET,1,0,0,0,0,0,0,0,0,,,,brebbjo01
689,Yennier Cano,31,BAL,1,0,0,0,0,0,0,0,0,,,,canoye01
690,José Castillo*,29,SEA,1,0,0,0,0,0,0,0,0,,,,castijo03
691,Cade Cavalli,26,WSN,1,0,0,0,0,0,0,0,0,,,,cavalca01
692,Aroldis Chapman*,37,BOS,2,0,0,0,0,0,0,0,0,,,,chapmar01
693,Angel Chivilli,22,COL,1,0,0,0,0,0,0,0,0,,,,chivian01
694,Taylor Clarke,32,KCR,3,0,0,0,0,0,0,0,0,,,,clarkta01
695,Emmanuel Clase,27,CLE,1,0,0,0,0,0,0,0,0,,,,claseem01
696,Steven Cruz,26,KCR,1,0,0,0,0,0,0,0,0,,,,cruzst01
697,John Curtiss,32,ARI,1,0,0,0,0,0,0,0,0,,,,curtijo02
698,Luis Curvelo,24,TEX,1,0,0,0,0,0,0,0,0,,,,curvelu01
699,Enyel De Los Santos,29,HOU,1,0,0,0,0,0,0,0,0,,,,delosen01
700,Yerry De los Santos,27,NYY,1,0,0,0,0,0,0,0,0,,,,delosye01
701,Edwin Díaz,31,NYM,1,0,0,0,0,0,0,0,0,,,,diazed04
702,Seranthony Domínguez,30,BAL,2,0,0,0,0,0,0,0,0,,,,dominse01
703,Jhoan Duran,27,MIN,3,0,0,0,0,0,0,0,0,,,,duranjh01
704,Dietrich Enns*,34,BAL,1,0,0,0,0,0,0,0,0,,,,ennsdi01
705,Lucas Erceg*,30,KCR,2,0,0,0,0,0,0,0,0,,,,erceglu01
706,Carlos Estévez,32,KCR,5,0,0,0,0,0,0,0,0,,,,estevca01
707,Tyler Ferguson,31,ATH,1,0,0,0,0,0,0,0,0,,,,ferguty01
708,Jose A. Ferrer*,25,WSN,1,0,0,0,0,0,0,0,0,,,,ferrejo01
709,Matt Festa,32,CLE,1,0,0,0,0,0,0,0,0,,,,festama01
710,Kody Funderburk*,28,MIN,1,0,0,0,0,0,0,0,0,,,,fundeko01
711,Brandyn Garcia*,25,ARI,1,0,0,0,0,0,0,0,0,,,,garcibr02
712,Robert Garcia,29,TEX,1,0,0,0,0,0,0,0,0,,,,garciro04
713,Yimi García,34,TOR,1,0,0,0,0,0,0,0,0,,,,garciyi01
714,Josh Hader*,31,HOU,1,0,0,0,0,0,0,0,0,,,,haderjo01
715,Seth Halvorsen,25,COL,1,0,0,0,0,0,0,0,0,,,,halvose01
716,Emerson Hancock,26,SEA,1,0,0,0,0,0,0,0,0,,,,hancoem01
717,Ryan Helsley,30,STL,1,0,0,0,0,0,0,0,0,,,,helslry01
718,Tim Herrin*,28,CLE,1,0,0,0,0,0,0,0,0,,,,herriti01
719,Jeff Hoffman,32,TOR,2,0,0,0,0,0,0,0,0,,,,hoffmje02
720,Drey Jameson,27,ARI,1,0,0,0,0,0,0,0,0,,,,jamesdr01
721,Kenley Jansen#,37,LAA,1,0,0,0,0,0,0,0,0,,,,janseke01
722,Griffin Jax,30,MIN,1,0,0,0,0,0,0,0,0,,,,jaxgr01
723,Tommy Kahnle,35,DET,1,0,0,0,0,0,0,0,0,,,,kahnlto01
724,Kevin Kelly,27,TBR,1,0,0,0,0,0,0,0,0,,,,kellyke02
725,Michael Kelly,32,ATH,1,0,0,0,0,0,0,0,0,,,,kellymi03
726,Andrew Kittredge,35,BAL,2,0,0,0,0,0,0,0,0,,,,kittran01
727,Jordan Leasure,26,CHW,1,0,0,0,0,0,0,0,0,,,,leasujo01
728,Casey Legumina,28,SEA,1,0,0,0,0,0,0,0,0,,,,legumca01
729,Sam Long*,29,KCR,1,0,0,0,0,0,0,0,0,,,,longsa01
730,Daniel Lynch IV*,28,KCR,3,0,0,0,0,0,0,0,0,,,,lynchda02
731,Joe Mantiply,34,ARI,1,0,0,0,0,0,0,0,0,,,,mantijo01
732,Justin Martínez,23,ARI,2,0,0,0,0,0,0,0,0,,,,martiju01
733,Phil Maton,32,STL,1,0,0,0,0,0,0,0,0,,,,matonph01
734,Tyler Matzek*,34,NYY,2,0,0,0,0,0,0,0,0,,,,matzety01
735,Juan Mejia,24,COL,2,0,0,0,0,0,0,0,0,,,,mejiaju01
736,Shelby Miller,34,ARI,2,0,0,0,0,0,0,0,0,,,,millesh01
737,Hoby Milner*,34,TEX,2,0,0,0,0,0,0,0,0,,,,milneho01
738,Juan Morillo,26,ARI,2,0,0,0,0,0,0,0,0,,,,morilju02
739,Kaleb Ort,33,HOU,2,0,0,0,0,0,0,0,0,,,,ortka01
740,Tyler Owens,24,DET,1,0,0,0,0,0,0,0,0,,,,owensty01
741,Andre Pallante,26,STL,1,0,0,0,0,0,0,0,0,,,,pallaan01
742,Cionel Pérez,29,BAL,1,0,0,0,0,0,0,0,0,,,,perezci01
743,Konnor Pilkington*,27,WSN,1,0,0,0,0,0,0,0,0,,,,pilkiko01
744,Zach Pop,28,SEA,1,0,0,0,0,0,0,0,0,,,,popza01
745,PJ Poulin,28,WSN,1,0,0,0,0,0,0,0,0,,,,poulipj01
746,A.J. Puk*,30,ARI,2,0,0,0,0,0,0,0,0,,,,pukaj01
747,Trevor Richards,32,KCR,1,0,0,0,0,0,0,0,0,,,,richatr01
748,Tyler Rogers,34,SFG,1,0,0,0,0,0,0,0,0,,,,rogerty01
749,Jackson Rutledge,26,WSN,1,0,0,0,0,0,0,0,0,,,,rutleja01
750,Andrew Saalfrank*,27,ARI,1,0,0,0,0,0,0,0,0,,,,saalfan01
751,Nick Sandlin,28,TOR,1,0,0,0,0,0,0,0,0,,,,sandlni01
752,John Schreiber,31,KCR,1,0,0,0,0,0,0,0,0,,,,schrejo01
753,Tanner Scott,30,LAD,1,0,0,0,0,0,0,0,0,,,,scottta01
754,Connor Seabold,29,TBR,1,0,0,0,0,0,0,0,0,,,,seaboco01
755,Bennett Sousa*,30,HOU,1,0,0,0,0,0,0,0,0,,,,sousabe01
756,Ryne Stanek,33,NYM,1,0,0,0,0,0,0,0,0,,,,stanery01
757,Ryan Thompson,33,ARI,1,0,0,0,0,0,0,0,0,,,,thompry02
758,Trent Thornton,31,SEA,1,0,0,0,0,0,0,0,0,,,,thorntr01
759,Victor Vodnik,25,COL,1,0,0,0,0,0,0,0,0,,,,vodnivi01
760,Ryan Walker,29,SFG,1,0,0,0,0,0,0,0,0,,,,walkery01
761,Chad Wallach,33,LAA,1,0,0,0,0,0,0,0,0,,,,wallach01
762,Garrett Whitlock,29,BOS,1,0,0,0,0,0,0,0,0,,,,whitlga01
763,Bryse Wilson,27,CHW,1,0,0,0,0,0,0,0,0,,,,wilsobr02
